RK,PLAYER,POS,GP,1,2,3,4,5,6,7,8,9,10,11,12,13,14,15,16,17,AVG,TTL
1,Christian McCaffrey   SF,RB,16,23.2,22.7,24.0,26.1,27.9,24.1,39.1,9.8,34.3,17.6,35.1,27.2,17.4,BYE,15.7,32.6,28.1,25.3,404.9
2,Josh Allen   BUF,QB,16,38.8,11.8,23.0,25.9,20.4,17.4,BYE,23.2,28.8,20.3,44.7,10.1,17.7,37.8,24.5,6.9,23.2,23.4,374.6
3,Bijan Robinson   ATL,RB,16,24.4,19.8,16.1,28.1,BYE,35.8,21.2,5.8,17.6,10.8,30.3,14.7,30.3,9.4,29.5,29.8,39.9,22.7,363.5
4,Jonathan Taylor   IND,RB,16,12.8,29.5,32.8,14.6,31.6,23.7,34.2,37.4,7.7,49.6,BYE,8.6,15.1,11.4,13.1,16.9,17.4,22.3,356.4
5,Puka Nacua   LAR,WR,15,23.1,27.6,22.8,36.0,24.5,4.8,—,BYE,22.8,17.4,14.3,16.7,13.2,35.7,27.9,46.5,15.7,23.3,349.0
6,Jahmyr Gibbs   DET,RB,16,15.0,19.4,26.9,17.7,16.7,7.5,36.8,BYE,5.8,38.2,19.6,55.4,11.6,37.0,9.8,22.8,6.4,21.7,346.6
7,Jaxon Smith-Njigba   SEA,WR,16,19.4,18.3,20.6,13.0,27.2,30.2,26.3,BYE,22.0,20.3,20.6,37.1,4.3,28.1,18.3,23.6,16.2,21.6,345.5
8,Drake Maye   NE,QB,16,16.8,26.3,20.2,23.2,12.1,27.2,23.1,27.3,17.4,19.1,15.4,17.0,20.5,BYE,21.5,24.7,32.4,21.5,344.2
9,Matthew Stafford   LAR,QB,16,13.6,18.3,14.8,27.4,25.6,9.3,27.4,BYE,26.8,26.9,13.2,22.9,13.6,23.2,21.9,30.9,15.8,20.7,331.7
10,Trevor Lawrence   JAC,QB,16,11.3,21.2,8.8,11.7,27.2,19.2,17.6,BYE,22.2,10.8,16.0,20.1,21.7,19.4,44.3,31.2,24.1,20.4,326.9
11,Dak Prescott   DAL,QB,16,7.8,23.1,14.0,31.0,28.3,22.3,23.3,8.6,16.4,BYE,24.3,28.1,21.6,20.4,12.0,19.2,22.7,20.2,323.1
12,De'Von Achane   MIA,RB,16,16.5,26.2,16.1,17.1,16.6,31.0,12.8,20.1,16.6,40.5,21.5,BYE,19.4,17.5,18.7,18.0,14.2,20.2,322.8
13,Caleb Williams   CHI,QB,16,24.2,18.0,29.1,12.8,BYE,19.9,5.7,12.8,38.7,25.1,10.3,21.7,10.5,15.9,19.0,21.0,23.0,19.2,307.6
14,Bo Nix   DEN,QB,16,8.8,21.2,13.4,26.7,17.9,13.4,40.0,24.8,19.5,7.8,12.6,BYE,17.4,16.0,29.1,16.2,20.5,19.1,305.3
15,Jalen Hurts   PHI,QB,16,24.3,11.5,29.0,19.4,19.5,21.6,24.0,25.4,BYE,12.0,14.5,30.9,17.3,4.4,22.9,19.4,8.9,19.1,305.1
16,Trey McBride   ARI,TE,16,12.1,13.8,15.3,12.2,9.1,21.2,29.4,BYE,16.5,27.7,27.5,16.9,22.2,10.8,37.4,6.7,23.6,18.9,302.4
17,James Cook III   BUF,RB,16,21.2,26.5,20.8,22.5,4.9,8.7,BYE,33.6,13.5,10.7,20.4,21.9,18.7,11.1,31.1,26.4,8.7,18.8,300.7
18,Justin Herbert   LAC,QB,16,27.9,18.8,15.6,14.5,15.6,18.8,29.9,26.3,28.7,14.7,4.3,BYE,13.8,13.2,11.4,30.2,16.1,18.7,299.9
19,Amon-Ra St. Brown   DET,WR,16,8.5,39.2,20.7,26.0,18.0,13.7,20.6,BYE,18.7,16.8,6.2,29.9,0.0,15.2,41.4,9.4,14.8,18.7,299.1
20,Patrick Mahomes II   KC,QB,14,26.0,23.1,13.2,27.3,27.7,31.5,26.2,25.0,11.5,BYE,14.3,18.1,29.4,9.3,14.1,—,—,21.2,296.7
21,George Pickens   DAL,WR,16,6.0,17.8,17.8,33.4,13.7,31.8,12.2,14.8,13.9,BYE,29.4,29.6,16.8,8.7,6.3,26.0,11.8,18.1,290.0
21,Ja'Marr Chase   CIN,WR,15,4.6,36.5,8.9,7.3,29.0,25.1,38.1,21.1,17.1,BYE,6.0,—,18.0,10.2,23.2,19.9,25.0,19.3,290.0
23,Jared Goff   DET,QB,16,11.9,34.0,12.7,13.7,20.1,16.8,11.3,BYE,19.4,24.8,13.1,18.2,20.6,16.2,25.5,26.5,4.1,18.1,288.8
24,Chris Olave   NO,WR,16,12.4,11.4,15.7,10.0,12.9,15.8,26.8,14.0,8.7,21.4,BYE,16.0,14.7,6.0,20.5,36.8,25.9,16.8,269.0
25,Baker Mayfield   TB,QB,16,22.6,19.9,17.7,19.9,26.7,19.6,12.1,4.1,BYE,22.9,17.8,5.5,14.5,12.1,20.2,13.7,19.4,16.8,268.7
26,Derrick Henry   BAL,RB,16,29.2,2.3,10.7,7.8,9.3,14.0,BYE,19.1,13.1,11.4,20.2,22.8,17.4,11.2,10.0,22.8,45.6,16.7,266.9
27,Chase Brown   CIN,RB,16,13.1,8.5,6.0,10.1,11.8,8.9,12.0,25.5,19.2,BYE,18.7,15.0,18.3,18.5,16.0,32.9,29.1,16.5,263.6
28,Kyren Williams   LAR,RB,16,13.9,10.0,19.2,10.4,31.1,16.7,8.5,BYE,17.4,22.4,16.6,5.8,13.2,17.7,21.8,11.5,16.0,15.8,252.2
29,Travis Etienne Jr.   JAC,RB,16,18.6,16.9,11.6,19.5,8.8,9.5,6.5,BYE,16.5,15.7,19.3,20.6,5.1,21.2,31.5,16.6,11.2,15.6,249.1
30,Javonte Williams   DAL,RB,16,20.4,25.0,12.2,19.0,26.9,8.4,18.8,17.9,7.3,BYE,10.3,12.1,17.0,14.7,15.1,6.3,11.4,15.2,242.8
31,Jordan Love   GB,QB,15,15.9,20.9,12.1,26.3,BYE,16.0,13.4,28.3,10.0,7.8,17.7,7.1,25.8,20.3,15.9,3.8,—,16.1,241.1
32,Sam Darnold   SEA,QB,16,5.4,17.8,16.7,16.1,28.6,20.0,9.6,BYE,28.2,5.9,8.3,17.7,3.1,23.3,11.3,21.5,7.1,15.0,240.6
33,Josh Jacobs   GB,RB,15,14.0,14.4,12.4,31.7,BYE,32.0,18.8,13.5,20.0,19.7,4.0,—,10.1,17.2,23.2,4.8,1.3,15.8,237.1
34,Daniel Jones   IND,QB,13,29.5,22.8,15.8,12.4,16.7,23.5,22.2,23.2,17.1,16.5,BYE,16.8,16.1,1.8,—,—,—,18.0,234.4
35,Ashton Jeanty   LV,RB,16,12.0,7.4,6.3,33.5,15.9,16.6,4.4,BYE,19.9,15.3,9.4,24.8,12.1,5.8,8.2,31.8,9.3,14.5,232.7
36,Saquon Barkley   PHI,RB,16,18.4,17.4,9.5,17.4,17.8,8.7,5.2,33.4,BYE,13.1,10.0,12.4,5.6,18.2,17.2,21.2,6.8,14.5,232.3
37,Nico Collins   HOU,WR,15,5.5,14.2,22.4,11.9,16.0,BYE,6.7,—,14.5,22.6,24.2,8.5,21.5,16.1,23.5,9.9,8.7,15.1,226.2
37,Jaxson Dart   NYG,QB,13,—,-0.3,0.3,19.8,17.6,23.6,29.4,19.4,27.2,26.3,—,—,13.6,BYE,23.1,1.0,25.1,17.4,226.2
39,Davante Adams   LAR,WR,14,9.1,22.6,14.6,15.6,13.8,7.9,26.5,BYE,23.0,19.7,7.1,23.2,21.8,6.9,11.1,—,—,15.9,222.9
40,D'Andre Swift   CHI,RB,15,9.5,13.9,10.8,16.0,BYE,25.5,20.8,15.1,—,14.8,9.0,1.9,20.8,11.2,22.6,9.0,21.9,14.9,222.8
41,A.J. Brown   PHI,WR,15,1.8,7.7,22.9,2.7,9.3,14.0,28.1,—,BYE,3.3,11.9,25.0,35.2,16.0,12.1,18.5,11.8,14.7,220.3
42,Jacoby Brissett   ARI,QB,13,—,0.2,—,—,0.0,21.7,19.8,BYE,24.8,19.4,23.9,18.7,20.6,20.0,21.6,11.6,16.5,16.8,218.8
43,Courtland Sutton   DEN,WR,16,18.1,1.6,23.8,19.1,17.9,2.7,16.7,10.7,10.0,5.4,9.9,BYE,17.2,12.2,24.3,20.6,8.0,13.6,218.2
44,Wan'Dale Robinson   NYG,WR,16,11.5,28.2,3.6,4.4,8.2,20.4,15.5,7.8,13.6,12.2,7.6,30.6,10.4,BYE,16.4,5.2,22.3,13.6,217.9
45,Aaron Rodgers   PIT,QB,15,25.7,12.4,12.7,12.8,BYE,17.5,24.6,16.8,12.1,8.4,9.4,—,2.7,21.5,17.0,15.5,7.3,14.4,216.3
46,Zay Flowers   BAL,WR,16,28.1,14.9,3.3,14.4,12.2,8.6,BYE,14.1,11.4,12.1,11.3,11.9,0.6,20.6,15.8,21.2,13.0,13.3,213.5
47,Rico Dowdle   CAR,RB,16,3.6,2.9,10.8,4.0,32.4,33.9,10.6,5.4,28.1,15.3,15.0,11.4,9.9,BYE,12.4,8.3,9.3,13.3,213.3
48,Bryce Young   CAR,QB,15,10.2,22.3,11.6,10.3,13.0,19.5,10.5,—,4.0,2.6,31.8,10.3,22.5,BYE,15.4,17.6,9.9,14.1,211.5
49,Breece Hall   NYJ,RB,16,16.5,5.8,9.2,16.1,17.5,5.9,7.2,32.9,BYE,19.5,8.4,13.9,15.6,4.3,5.7,8.3,20.9,13.0,207.7
50,Jameson Williams   DET,WR,16,6.6,18.8,6.3,5.7,2.0,18.6,0.0,BYE,16.6,23.9,19.7,0.0,26.9,17.3,26.4,12.0,5.7,12.9,206.5
51,Stefon Diggs   NE,WR,16,11.7,7.2,5.3,16.1,24.6,5.8,13.9,10.4,12.8,15.6,19.5,4.0,5.6,BYE,5.6,22.8,22.1,12.7,203.0
52,RJ Harvey   DEN,RB,16,7.9,3.4,4.6,19.8,6.0,6.5,7.2,24.1,16.6,3.8,8.0,BYE,21.2,22.0,10.5,22.1,18.6,12.6,202.3
53,Jaylen Warren   PIT,RB,15,13.9,17.4,13.1,—,BYE,8.3,19.8,9.3,16.9,11.1,8.7,12.8,12.4,15.2,7.8,29.1,6.4,13.5,202.2
54,Tetairoa McMillan   CAR,WR,16,11.8,16.0,7.8,10.2,13.3,17.9,6.3,16.9,8.6,11.0,33.0,11.5,11.3,BYE,4.5,19.3,1.5,12.6,200.9
55,Lamar Jackson   BAL,QB,12,29.4,26.3,27.0,11.7,—,—,BYE,—,25.6,16.6,6.7,7.2,7.5,22.1,15.6,4.7,—,16.7,200.4
56,Kenny Gainwell   PIT,RB,16,5.3,6.6,9.6,31.4,BYE,9.6,3.5,3.5,7.4,2.4,29.5,18.2,6.5,16.2,19.6,23.8,6.8,12.5,199.9
57,Michael Wilson   ARI,WR,16,1.5,8.1,1.5,4.5,3.6,8.4,7.0,BYE,9.1,7.4,33.5,21.8,6.6,37.2,16.4,13.2,19.9,12.5,199.7
58,CeeDee Lamb   DAL,WR,13,18.0,20.2,0.0,—,—,—,22.0,14.6,15.5,BYE,17.6,11.5,24.2,18.1,17.1,11.1,9.6,15.3,199.5
59,Michael Pittman Jr.   IND,WR,16,20.0,8.0,19.3,15.1,14.9,4.0,20.8,23.5,20.5,3.9,BYE,13.7,2.3,16.9,5.6,7.2,3.6,12.5,199.3
59,C.J. Stroud   HOU,QB,13,9.7,15.0,12.4,18.4,28.8,BYE,14.7,22.7,4.4,—,—,—,10.0,12.6,23.4,11.5,15.8,15.3,199.3
61,Kyle Pitts Sr.   ATL,TE,16,12.9,7.7,7.9,18.0,BYE,4.8,13.2,14.9,7.8,5.8,3.4,4.5,15.2,15.0,45.6,18.7,3.6,12.4,199.0
62,Jaylen Waddle   MIA,WR,16,7.0,17.8,14.9,7.8,23.0,15.8,2.5,20.9,14.2,19.4,8.2,BYE,7.0,18.1,4.6,12.2,0.7,12.1,194.1
63,Jason Myers   SEA,K,16,8.0,9.0,17.0,14.0,5.0,10.0,10.0,BYE,9.0,15.0,15.0,13.0,19.0,14.0,24.0,2.0,10.0,12.1,194.0
64,Emeka Egbuka   TB,WR,16,23.6,12.9,14.5,20.1,31.3,4.4,9.8,6.5,BYE,23.5,9.0,6.2,8.2,3.5,10.4,5.0,5.0,12.1,193.9
65,DeVonta Smith   PHI,WR,16,4.6,9.3,20.0,4.9,19.4,8.9,33.3,14.4,BYE,16.9,1.8,14.9,9.8,7.7,7.0,16.2,4.5,12.1,193.6
66,Tee Higgins   CIN,WR,14,6.3,14.6,2.5,6.2,11.2,11.2,21.6,11.4,33.1,BYE,15.3,8.1,—,27.2,—,14.3,9.9,13.8,192.9
67,Geno Smith   LV,QB,15,18.5,6.2,26.1,12.8,7.9,9.7,2.8,BYE,27.3,5.4,13.9,14.2,13.0,9.0,—,15.0,9.1,12.7,190.9
68,Travis Kelce   KC,TE,16,12.7,10.1,6.6,9.8,19.1,13.8,8.4,21.9,12.6,BYE,24.1,8.4,15.5,1.8,14.0,1.6,8.6,11.8,189.0
69,TreVeyon Henderson   NE,RB,16,11.1,6.0,7.7,12.6,4.7,4.6,0.5,5.5,12.7,28.0,32.3,11.1,11.6,BYE,30.1,2.2,8.2,11.8,188.9
70,DK Metcalf   PIT,WR,15,12.3,11.0,12.2,23.6,BYE,19.5,8.0,16.5,2.6,6.5,9.9,14.4,6.2,21.8,14.5,8.2,—,12.5,187.2
71,Jake Ferguson   DAL,TE,16,7.3,16.8,21.2,17.0,23.9,12.3,21.9,0.0,8.0,BYE,11.6,11.1,8.6,10.8,3.6,4.9,7.6,11.7,186.6
72,Harold Fannin Jr.   CLE,TE,16,13.6,9.8,5.5,4.5,11.3,15.1,7.6,18.4,BYE,8.4,4.6,8.4,11.3,25.4,12.0,19.5,11.0,11.7,186.4
73,Dallas Goedert   PHI,TE,15,11.4,—,10.3,19.7,10.9,26.0,4.8,17.8,BYE,8.3,4.4,4.0,4.7,15.8,25.0,12.2,9.8,12.3,185.1
74,Cam Ward   TEN,QB,16,2.5,9.8,13.0,5.5,9.0,7.9,11.2,13.8,6.4,BYE,13.1,23.9,6.3,12.1,15.0,18.0,17.0,11.5,184.5
75,Deebo Samuel Sr.   WAS,WR,15,22.6,17.4,4.9,20.1,23.6,5.4,—,4.2,9.4,12.9,20.7,BYE,11.1,6.7,7.3,6.5,11.3,12.3,184.1
75,Drake London   ATL,WR,11,13.5,5.9,10.5,25.0,BYE,31.8,8.2,—,38.8,24.4,18.9,—,—,—,—,5.7,1.4,16.7,184.1
77,Justin Jefferson   MIN,WR,16,14.8,11.1,12.5,22.6,19.3,BYE,12.9,14.4,16.7,7.7,11.1,8.8,2.4,3.1,4.2,14.5,7.0,11.4,183.1
78,Brandon Aubrey   DAL,K,16,11.0,22.0,8.0,8.0,7.0,9.0,17.0,6.0,5.0,BYE,9.0,7.0,12.0,23.0,16.6,5.0,17.0,11.4,182.6
79,Brock Purdy   SF,QB,8,18.8,—,—,19.7,—,—,—,—,—,—,19.3,10.3,17.1,BYE,26.2,31.9,37.9,22.7,181.2
80,Ladd McConkey   LAC,WR,16,13.4,9.8,8.1,2.1,14.9,23.0,15.7,20.8,9.6,20.7,4.3,BYE,13.9,2.2,4.0,14.3,4.1,11.3,180.9
80,Tyler Warren   IND,TE,16,14.9,11.9,6.8,18.3,14.4,18.3,16.9,9.3,7.6,17.9,BYE,9.5,11.2,3.7,4.9,6.0,9.3,11.3,180.9
82,Troy Franklin   DEN,WR,16,8.4,24.0,2.8,9.5,8.5,3.1,12.9,26.9,8.3,15.0,12.4,BYE,4.1,4.1,20.8,10.6,5.7,11.1,177.1
83,Tony Pollard   TEN,RB,16,7.9,9.2,13.9,10.6,14.8,6.7,12.1,6.3,7.8,BYE,5.6,8.1,5.3,28.1,18.2,10.2,11.5,11.0,176.3
84,Brock Bowers   LV,TE,12,15.3,8.8,9.8,9.6,—,—,—,BYE,43.3,3.7,14.2,11.5,22.3,14.6,8.8,14.3,—,14.7,176.2
85,Tua Tagovailoa   MIA,QB,14,7.3,19.6,13.8,15.7,22.7,9.6,1.6,24.2,9.5,12.8,6.8,BYE,5.7,9.1,17.2,—,—,12.6,175.7
86,Kenneth Walker III   SEA,RB,16,5.4,18.8,18.0,12.0,9.6,4.7,6.6,BYE,8.1,8.0,20.1,13.1,10.4,3.8,2.9,25.4,7.7,10.9,174.6
87,Juwan Johnson   NO,TE,16,15.6,15.9,11.1,5.8,3.7,1.5,12.9,10.3,12.1,19.2,BYE,10.6,8.9,7.8,7.0,16.9,13.5,10.8,172.8
88,Keenan Allen   LAC,WR,16,19.8,17.1,19.5,8.7,10.8,6.7,28.9,8.4,6.1,3.9,9.3,BYE,7.0,5.2,8.6,9.4,2.7,10.8,172.1
89,Quentin Johnston   LAC,WR,14,24.9,15.9,14.9,23.8,6.9,—,11.0,0.0,15.3,9.2,0.0,BYE,11.3,2.8,—,20.4,14.8,12.2,171.2
90,Quinshon Judkins   CLE,RB,14,—,10.1,16.5,21.5,13.8,3.6,26.4,4.7,BYE,10.5,5.9,16.7,15.9,9.4,4.7,10.1,—,12.1,169.8
91,Hunter Henry   NE,TE,16,10.6,1.9,29.0,11.9,6.6,5.7,7.3,7.7,9.1,1.9,8.5,24.5,11.3,BYE,2.8,15.5,13.9,10.5,168.2
92,DJ Moore   CHI,WR,16,8.6,9.6,12.8,7.8,BYE,8.2,8.2,11.6,23.0,0.0,3.1,23.4,4.7,0.6,22.9,21.9,1.7,10.5,168.1
93,Ka'imi Fairbairn   HOU,K,14,14.0,9.0,4.0,10.0,18.0,BYE,8.0,14.0,18.0,—,—,12.0,9.0,8.0,18.0,16.0,10.0,12.0,168.0
94,Seattle Seahawks   SEA,DST,16,8.0,14.0,16.0,11.0,-3.0,11.0,9.0,BYE,9.0,21.0,2.0,4.0,30.0,19.0,4.0,2.0,10.0,10.4,167.0
94,Cameron Dicker   LAC,K,16,9.0,8.0,12.0,5.0,6.0,17.0,7.0,15.0,11.0,14.0,8.0,BYE,9.0,20.0,12.0,10.0,4.0,10.4,167.0
96,Jakobi Meyers   JAC,WR,15,17.7,12.8,9.3,7.0,7.2,7.9,—,BYE,6.3,7.1,11.4,15.0,21.3,14.8,12.1,8.6,7.9,11.1,166.4
96,Dalton Schultz   HOU,TE,16,5.8,5.9,8.9,8.0,11.0,BYE,18.8,4.4,13.7,18.3,11.1,1.8,12.5,5.2,21.6,14.5,4.9,10.4,166.4
96,Khalil Shakir   BUF,WR,16,12.4,2.2,14.5,17.9,11.0,6.3,BYE,20.8,11.3,12.8,0.7,17.0,1.5,9.6,11.5,7.4,9.5,10.4,166.4
99,Jauan Jennings   SF,WR,14,3.6,19.9,—,6.4,—,1.7,7.1,8.5,14.1,17.1,9.4,15.1,13.9,BYE,18.7,18.1,12.2,11.8,165.8
100,Romeo Doubs   GB,WR,16,8.8,11.8,4.5,29.8,BYE,10.5,13.2,9.4,16.1,1.5,9.3,4.3,12.0,0.0,5.6,19.4,9.2,10.3,165.4
101,Parker Washington   JAC,WR,15,0.0,12.6,7.4,5.9,9.6,4.9,10.2,BYE,17.0,17.9,4.0,18.1,3.6,—,8.3,26.5,19.0,11.0,165.0
102,Zach Charbonnet   SEA,RB,15,10.7,1.0,—,12.4,11.8,4.7,19.5,BYE,5.6,14.3,6.7,9.5,11.2,8.6,3.1,17.4,26.2,10.8,162.7
103,David Montgomery   DET,RB,16,8.3,13.1,29.4,1.2,18.2,8.1,5.9,BYE,11.0,10.1,4.7,6.7,12.8,14.3,9.2,1.4,6.0,10.0,160.4
104,Joe Flacco   CIN,QB,12,14.2,9.8,4.7,3.3,—,18.8,26.0,24.3,32.7,BYE,10.9,10.6,—,—,—,0.2,1.2,13.0,156.5
105,Tre Tucker   LV,WR,16,13.4,4.9,40.9,4.2,11.1,12.0,8.3,BYE,6.8,5.5,14.7,5.8,5.0,4.4,0.0,9.4,9.9,9.8,156.3
106,Rashid Shaheed   SEA,WR,17,9.3,15.2,8.2,9.2,21.4,6.8,8.0,14.5,11.8,3.3,4.9,0.5,2.6,16.7,12.1,9.1,1.8,9.1,155.4
107,Alec Pierce   IND,WR,14,4.6,10.8,10.7,—,—,6.8,14.8,8.9,17.5,18.4,BYE,3.6,17.8,13.0,2.6,24.6,0.0,11.0,154.1
108,George Kittle   SF,TE,10,12.5,—,—,—,—,—,0.0,14.3,6.9,23.4,24.7,13.8,10.7,BYE,22.8,24.5,—,15.4,153.6
109,Houston Texans   HOU,DST,16,6.0,7.0,5.0,14.0,11.0,BYE,18.0,5.0,8.0,14.0,9.0,15.0,2.0,12.0,7.0,11.0,8.0,9.5,152.0
110,Rashee Rice   KC,WR,8,—,—,—,—,—,—,23.2,25.5,18.6,BYE,9.8,24.1,29.4,7.4,12.1,—,—,18.8,150.1
111,Cam Little   JAC,K,16,15.0,10.0,5.0,9.0,9.0,0.0,1.0,BYE,15.0,13.0,5.0,13.0,6.0,11.0,12.0,11.0,14.0,9.3,149.0
112,Will Reichard   MIN,K,16,9.0,8.0,14.0,8.0,3.0,BYE,18.0,6.0,11.0,9.0,5.0,10.0,0.0,8.0,12.0,11.0,16.0,9.3,148.0
113,Rome Odunze   CHI,WR,12,15.7,31.8,15.2,16.9,BYE,5.2,5.1,18.4,0.0,20.6,6.1,8.3,2.8,—,—,—,—,12.2,146.1
114,Chase McLaughlin   TB,K,16,6.0,2.0,21.0,16.0,12.0,7.0,5.0,17.0,BYE,5.0,8.0,1.0,10.0,9.0,11.0,10.0,5.0,9.1,145.0
115,Woody Marks   HOU,RB,15,0.3,6.1,4.6,27.9,2.4,BYE,12.5,15.1,2.7,16.1,6.1,7.9,7.7,15.6,10.8,—,8.5,9.6,144.3
116,AJ Barner   SEA,TE,16,1.2,10.8,3.3,12.2,24.3,10.1,1.9,BYE,11.5,0.3,17.1,3.8,7.7,5.7,5.7,15.0,13.3,9.0,143.9
117,Justin Fields   NYJ,QB,9,29.5,4.0,—,27.1,25.9,4.9,4.0,20.9,BYE,8.0,19.3,—,—,—,—,—,—,16.0,143.7
118,Rhamondre Stevenson   NE,RB,13,4.7,21.2,4.6,5.1,14.7,1.8,16.8,5.9,—,—,—,2.0,11.0,BYE,10.7,17.8,27.2,11.0,143.5
119,Tyler Shough   NO,QB,10,—,—,0.0,—,—,—,—,5.3,10.2,19.0,BYE,8.9,18.4,22.3,18.1,17.1,21.9,14.1,141.2
120,Chris Boswell   PIT,K,16,14.0,12.0,3.0,6.0,BYE,15.0,8.0,20.0,10.0,6.0,10.0,4.0,1.0,9.0,4.0,11.0,8.0,8.8,141.0
121,Kyle Monangai   CHI,RB,16,2.1,4.6,3.0,1.8,BYE,5.4,17.4,2.4,22.8,8.8,10.7,10.8,19.0,8.7,3.3,12.3,7.7,8.8,140.8
122,Colston Loveland   CHI,TE,15,3.2,0.0,4.1,—,BYE,3.1,5.4,6.8,29.8,9.5,7.0,14.9,5.8,12.9,10.1,6.0,21.4,9.3,140.0
123,Andy Borregales   NE,K,16,8.0,9.0,2.0,6.0,13.0,5.0,7.0,13.0,6.0,4.0,10.0,18.0,15.0,BYE,7.0,10.0,6.0,8.7,139.0
124,Kareem Hunt   KC,RB,16,4.6,4.4,11.4,5.7,18.7,4.4,1.8,17.2,12.5,BYE,13.2,20.0,9.0,9.0,3.0,0.2,3.8,8.7,138.9
125,Jake Bates   DET,K,16,7.0,10.0,9.0,13.0,5.0,5.0,8.0,BYE,7.0,13.0,5.0,12.0,6.0,16.0,11.0,6.0,5.0,8.6,138.0
126,Jacory Croskey-Merritt   WAS,RB,16,14.2,1.7,10.1,7.7,27.0,5.8,4.2,2.5,5.1,3.0,4.3,BYE,2.0,3.2,15.6,8.5,22.5,8.6,137.4
127,Tyler Loop   BAL,K,16,13.0,12.0,7.0,9.0,4.0,3.0,BYE,13.0,4.0,14.0,12.0,11.0,2.0,10.0,6.0,6.0,11.0,8.6,137.0
128,Rachaad White   TB,RB,16,2.6,14.6,2.4,8.6,23.1,17.6,8.4,8.1,BYE,10.4,8.2,5.2,5.9,6.5,3.6,8.0,3.7,8.6,136.9
129,Mac Jones   SF,QB,11,—,21.8,14.3,—,22.2,13.2,6.2,19.0,15.8,24.1,-0.3,—,0.2,BYE,—,-0.3,—,12.4,136.0
129,Evan McPherson   CIN,K,16,5.0,7.0,5.0,3.0,8.0,5.0,17.0,8.0,11.0,BYE,8.0,12.0,24.0,4.0,0.0,10.0,9.0,8.5,136.0
129,Eddy Pineiro   SF,K,13,—,10.0,12.0,7.0,17.0,18.0,11.0,1.0,12.0,2.0,14.0,—,—,BYE,14.0,12.0,6.0,10.5,136.0
132,Omarion Hampton   LAC,RB,9,8.1,3.5,24.9,27.5,13.0,—,—,—,—,—,—,BYE,—,14.7,7.5,16.5,20.0,15.1,135.7
133,Harrison Butker   KC,K,16,11.0,7.0,13.0,13.0,4.0,6.0,7.0,4.0,8.0,BYE,7.0,16.0,4.0,4.0,8.0,12.0,10.0,8.4,134.0
133,Joey Slye   TEN,K,15,15.0,17.0,11.0,0.0,13.0,—,10.0,2.0,9.0,BYE,10.0,6.0,3.0,8.0,6.0,6.0,18.0,8.9,134.0
135,Jordan Addison   MIN,WR,13,—,—,—,15.4,15.1,BYE,21.8,11.6,8.4,6.5,10.0,0.0,8.6,10.2,8.6,4.6,12.5,10.3,133.3
136,Tyrone Tracy Jr.   NYG,RB,14,5.5,9.1,5.6,—,—,0.6,10.6,7.3,6.7,8.1,17.9,16.0,4.3,BYE,24.7,9.8,6.7,9.5,132.9
137,Marcus Mariota   WAS,QB,12,0.0,—,20.3,17.2,—,—,4.9,13.3,0.0,18.7,16.4,BYE,24.3,-1.1,14.7,3.7,—,11.0,132.5
138,Christian Watson   GB,WR,10,—,—,—,—,BYE,—,—,12.5,7.8,6.5,20.6,9.9,18.3,24.9,5.9,3.7,22.3,13.2,132.4
139,Cairo Santos   CHI,K,14,7.0,3.0,7.0,19.0,BYE,—,—,11.0,11.0,6.0,16.0,8.0,6.0,8.0,8.0,14.0,8.0,9.4,132.0
140,Jacksonville Jaguars   JAC,DST,16,11.0,8.0,12.0,15.0,7.0,2.0,-4.0,BYE,3.0,11.0,12.0,7.0,14.0,10.0,10.0,6.0,7.0,8.2,131.0
140,Philadelphia Eagles   PHI,DST,16,3.0,5.0,13.0,14.0,2.0,1.0,12.0,6.0,BYE,11.0,8.0,5.0,4.0,13.0,16.0,5.0,13.0,8.2,131.0
142,Brian Thomas Jr.   JAC,WR,13,9.0,8.9,7.5,10.6,12.0,23.0,6.1,BYE,8.5,—,—,—,4.8,11.7,17.1,3.8,7.9,10.1,130.9
143,J.J. McCarthy   MIN,QB,9,23.2,4.8,—,—,—,BYE,—,—,19.9,16.7,8.0,2.5,—,20.4,24.5,9.3,—,14.4,129.4
144,Hollywood Brown   KC,WR,15,19.9,8.0,8.2,12.8,8.8,20.5,9.4,0.0,9.3,BYE,8.0,2.0,10.0,4.5,—,5.2,1.7,8.6,128.3
145,Theo Johnson   NYG,TE,15,1.5,7.4,2.0,10.7,21.3,4.7,15.6,5.0,11.7,14.5,6.6,10.7,5.9,BYE,10.2,0.0,—,8.5,127.8
145,Marvin Harrison Jr.   ARI,WR,12,18.1,4.7,7.4,18.6,13.8,5.2,7.8,BYE,22.6,14.3,—,—,12.9,—,—,2.4,0.0,10.7,127.8
147,Cam Skattebo   NYG,RB,8,2.9,13.9,24.1,13.0,14.4,31.0,18.4,10.0,—,—,—,—,—,BYE,—,—,—,16.0,127.7
147,Bucky Irving   TB,RB,9,14.5,18.1,13.9,25.5,—,—,—,—,BYE,—,—,—,16.1,16.1,8.1,7.1,8.3,14.2,127.7
149,Mark Andrews   BAL,TE,16,1.5,1.4,27.1,10.0,4.2,6.6,BYE,6.4,16.6,10.4,15.7,2.1,8.7,1.9,3.8,4.4,6.8,8.0,127.6
150,Oronde Gadsden II   LAC,TE,14,—,—,9.6,3.6,2.4,11.8,29.4,18.7,11.8,4.3,6.1,BYE,3.7,1.7,10.1,1.7,12.2,9.1,127.1
151,Nick Folk   NYJ,K,16,10.0,6.0,10.0,11.0,7.0,12.0,7.0,12.0,BYE,9.0,2.0,5.0,11.0,4.0,11.0,6.0,4.0,7.9,127.0
152,Josh Downs   IND,WR,15,3.2,11.1,5.4,6.4,11.4,16.2,—,12.9,15.7,1.3,BYE,3.0,6.4,6.3,10.3,11.8,5.4,8.5,126.8
153,Zach Ertz   WAS,TE,13,11.6,18.4,6.8,6.1,0.0,16.3,12.7,5.6,8.6,9.4,8.2,BYE,20.6,2.1,—,—,—,9.7,126.4
154,Riley Patterson   MIA,K,16,0.0,11.0,3.0,10.0,7.0,10.0,6.0,10.0,8.0,7.0,11.0,BYE,14.0,13.0,5.0,3.0,8.0,7.9,126.0
155,Los Angeles Rams   LAR,DST,16,11.0,8.0,6.0,7.0,1.0,17.0,11.0,BYE,9.0,6.0,9.0,18.0,2.0,6.0,0.0,6.0,8.0,7.8,125.0
155,Minnesota Vikings   MIN,DST,16,5.0,5.0,30.0,4.0,3.0,BYE,3.0,0.0,9.0,1.0,3.0,1.0,9.0,18.0,2.0,11.0,21.0,7.8,125.0
155,Pittsburgh Steelers   PIT,DST,16,2.0,5.0,16.0,10.0,BYE,10.0,1.0,-4.0,18.0,5.0,21.0,10.0,5.0,4.0,7.0,5.0,10.0,7.8,125.0
158,Michael Penix Jr.   ATL,QB,9,24.0,5.3,5.8,19.7,BYE,14.6,12.2,—,22.7,11.0,7.9,—,—,—,—,—,—,13.7,123.3
159,Denver Broncos   DEN,DST,16,14.0,0.0,9.0,10.0,7.0,13.0,5.0,6.0,5.0,14.0,8.0,BYE,4.0,11.0,7.0,4.0,5.0,7.6,122.0
160,Chig Okonkwo   TEN,TE,16,4.9,7.5,11.6,1.4,8.8,10.6,0.0,9.3,3.0,BYE,8.6,7.0,6.9,4.0,7.3,16.4,14.5,7.6,121.8
161,Chuba Hubbard   CAR,RB,14,17.9,18.7,9.6,9.9,—,—,7.5,9.4,1.7,2.5,3.8,8.3,20.4,BYE,4.8,4.4,2.8,8.7,121.7
162,Chimere Dike   TEN,WR,16,0.9,2.8,3.5,-0.4,3.7,2.8,16.9,16.4,7.5,BYE,3.4,21.4,-0.1,13.4,5.0,13.0,10.2,7.5,120.4
162,Luther Burden III   CHI,WR,14,0.7,1.5,19.8,1.6,BYE,9.1,3.1,0.9,—,8.1,5.7,9.1,7.6,11.0,14.4,—,27.8,8.6,120.4
164,Tyler Allgeier   ATL,RB,16,2.4,15.0,1.4,11.1,BYE,10.8,1.6,9.4,0.6,17.7,9.6,5.9,13.5,8.7,1.8,8.3,2.3,7.5,120.1
165,Wil Lutz   DEN,K,16,8.0,4.0,9.0,4.0,9.0,9.0,5.0,9.0,4.0,4.0,18.0,BYE,9.0,6.0,4.0,10.0,8.0,7.5,120.0
166,Kayshon Boutte   NE,WR,13,16.3,8.6,4.8,2.8,7.3,26.3,13.5,16.5,0.0,—,—,3.5,13.5,BYE,4.0,2.6,—,9.2,119.7
167,Jordan Mason   MIN,RB,15,8.5,5.8,23.6,10.2,12.6,BYE,11.7,1.6,4.7,4.1,10.5,4.2,5.8,11.2,2.9,2.1,—,8.0,119.5
168,Jayden Higgins   HOU,WR,16,5.2,3.8,1.5,9.4,7.2,BYE,0.0,13.4,1.4,15.2,9.5,13.8,11.5,6.4,1.4,2.7,16.8,7.5,119.2
169,Chad Ryland   ARI,K,16,11.0,10.0,7.0,10.0,3.0,11.0,12.0,BYE,10.0,2.0,4.0,6.0,7.0,5.0,2.0,17.0,2.0,7.4,119.0
170,Aaron Jones Sr.   MIN,RB,12,15.7,2.3,—,—,—,BYE,—,5.0,11.8,15.9,11.1,8.7,4.5,7.6,9.5,11.3,15.3,9.9,118.7
171,Dalton Kincaid   BUF,TE,11,14.8,7.7,17.6,9.8,16.8,—,BYE,3.3,22.1,5.7,—,—,—,14.1,6.4,0.0,—,10.8,118.3
172,Joe Burrow   CIN,QB,7,8.8,7.0,—,—,—,—,—,—,—,BYE,—,—,19.2,25.4,7.5,29.0,20.4,16.8,117.3
172,Jayden Daniels   WAS,QB,7,20.1,19.7,—,—,17.1,22.6,17.7,—,16.2,—,—,BYE,—,3.7,—,—,—,16.8,117.3
174,Tucker Kraft   GB,TE,8,9.9,24.4,5.9,10.6,BYE,12.3,16.8,33.3,4.0,—,—,—,—,—,—,—,—,14.6,117.2
175,Jerry Jeudy   CLE,WR,16,11.6,9.1,2.7,7.8,3.5,9.3,3.7,0.0,BYE,19.8,5.1,2.9,5.6,16.6,4.2,4.2,10.4,7.3,116.5
176,J.K. Dobbins   DEN,RB,10,14.8,15.5,15.3,11.5,15.4,4.0,9.0,14.1,6.9,9.4,—,BYE,—,—,—,—,—,11.6,115.9
176,Kimani Vidal   LAC,RB,12,—,—,—,0.0,2.9,22.8,7.5,19.7,3.0,17.8,3.2,BYE,20.7,11.4,5.8,1.1,—,9.7,115.9
178,New England Patriots   NE,DST,16,7.0,13.0,2.0,11.0,8.0,5.0,19.0,11.0,1.0,2.0,5.0,10.0,11.0,BYE,-2.0,5.0,7.0,7.2,115.0
178,Blake Grupe   IND,K,15,7.0,3.0,7.0,9.0,16.0,16.0,2.0,4.0,4.0,5.0,BYE,4.0,—,7.0,15.0,11.0,5.0,7.7,115.0
180,Blake Corum   LAR,RB,16,2.6,10.4,5.3,3.6,1.3,2.3,5.3,BYE,5.8,5.6,1.5,2.4,14.1,26.1,13.1,13.1,1.8,7.1,114.3
181,Mack Hollins   NE,WR,15,1.3,7.8,6.7,7.4,0.0,4.8,7.3,15.9,2.9,16.6,10.4,5.0,5.3,BYE,8.1,13.9,—,7.6,113.4
182,T.J. Hockenson   MIN,TE,15,4.5,2.2,15.9,7.9,9.8,BYE,10.3,4.6,9.1,2.8,6.9,5.9,11.9,9.2,10.6,1.2,—,7.5,112.8
183,Cooper Kupp   SEA,WR,15,3.5,16.0,5.1,6.6,11.9,12.0,3.2,BYE,—,9.4,5.3,4.4,5.4,11.5,9.6,6.9,1.6,7.5,112.4
184,Cleveland Browns   CLE,DST,16,4.0,-1.0,13.0,1.0,7.0,0.0,25.0,9.0,BYE,5.0,17.0,16.0,1.0,2.0,2.0,2.0,9.0,7.0,112.0
185,Atlanta Falcons   ATL,DST,16,1.0,21.0,3.0,4.0,BYE,9.0,4.0,0.0,10.0,10.0,4.0,16.0,2.0,0.0,6.0,5.0,16.0,6.9,111.0
185,New Orleans Saints   NO,DST,16,8.0,5.0,-2.0,4.0,18.0,1.0,3.0,6.0,1.0,12.0,BYE,11.0,6.0,3.0,4.0,19.0,12.0,6.9,111.0
185,Jake Elliott   PHI,K,16,8.0,12.0,3.0,7.0,5.0,6.0,4.0,9.0,BYE,4.0,11.0,3.0,4.0,17.0,7.0,3.0,8.0,6.9,111.0
188,Colby Parkinson   LAR,TE,14,-0.6,—,0.0,3.7,0.0,—,7.7,BYE,3.0,14.1,9.4,14.1,6.7,12.2,24.5,4.1,11.3,7.9,110.2
189,Brandon McManus   GB,K,13,9.0,11.0,4.0,12.0,BYE,—,—,9.0,8.0,1.0,—,12.0,8.0,4.0,16.0,10.0,6.0,8.5,110.0
190,Xavier Worthy   KC,WR,14,0.0,—,—,17.1,11.1,10.6,7.8,10.3,6.0,BYE,5.5,9.9,11.4,8.5,5.5,6.1,0.1,7.9,109.9
191,Chicago Bears   CHI,DST,16,11.0,-4.0,11.0,10.0,BYE,9.0,13.0,1.0,5.0,7.0,5.0,6.0,5.0,2.0,18.0,5.0,5.0,6.8,109.0
191,Ryan Fitzgerald   CAR,K,16,5.0,4.0,15.0,1.0,10.0,14.0,7.0,4.0,5.0,1.0,10.0,3.0,7.0,BYE,6.0,13.0,4.0,6.8,109.0
193,Elic Ayomanor   TEN,WR,15,3.3,15.6,13.8,6.4,3.8,5.7,4.9,9.2,7.6,BYE,3.1,—,1.5,8.4,2.7,8.8,13.7,7.2,108.5
194,Sam LaPorta   DET,TE,9,13.9,5.6,7.3,6.9,20.2,16.5,4.5,BYE,21.7,10.3,—,—,—,—,—,—,—,11.9,106.9
195,Pat Freiermuth   PIT,TE,16,5.8,6.1,1.6,0.0,BYE,2.1,28.1,4.3,11.7,6.3,2.9,10.9,0.0,2.9,7.5,6.0,9.3,6.6,105.5
196,Buffalo Bills   BUF,DST,16,0.0,10.0,2.0,6.0,6.0,4.0,BYE,17.0,5.0,3.0,4.0,6.0,15.0,10.0,4.0,8.0,5.0,6.6,105.0
196,Matt Prater   BUF,K,14,12.0,14.0,8.0,7.0,9.0,2.0,BYE,12.0,4.0,1.0,8.0,8.0,8.0,7.0,5.0,—,—,7.5,105.0
198,Malik Washington   MIA,WR,16,4.9,9.5,6.2,4.1,4.0,6.3,8.0,13.6,7.1,9.3,7.2,BYE,7.0,4.0,2.0,10.2,1.5,6.6,104.9
199,Terry McLaurin   WAS,WR,9,4.7,9.8,10.4,—,—,—,—,14.4,—,—,—,BYE,22.6,7.1,15.9,8.3,11.3,11.6,104.5
200,Spencer Rattler   NO,QB,9,11.5,21.7,12.7,13.9,16.1,11.1,13.5,3.6,—,—,BYE,—,—,—,0.0,—,—,11.6,104.1
201,Los Angeles Chargers   LAC,DST,16,2.0,13.0,3.0,6.0,3.0,8.0,-3.0,11.0,5.0,15.0,-2.0,BYE,8.0,12.0,13.0,4.0,5.0,6.4,103.0
201,Andre Szmyt   CLE,K,16,5.0,5.0,9.0,4.0,5.0,11.0,7.0,1.0,BYE,9.0,11.0,8.0,0.0,5.0,5.0,9.0,9.0,6.4,103.0
203,Ryan Flournoy   DAL,WR,14,—,0.0,4.1,4.6,18.4,6.3,0.0,1.7,9.2,BYE,7.2,0.0,6.4,26.5,8.0,9.8,—,7.3,102.2
204,Tyjae Spears   TEN,RB,12,—,—,—,—,1.4,9.0,7.0,17.2,9.2,BYE,8.4,6.5,8.4,6.7,5.6,21.5,1.1,8.5,102.0
205,Brenton Strange   JAC,TE,11,9.9,4.7,12.1,10.5,3.2,—,—,BYE,—,—,—,14.3,13.5,5.7,3.6,14.9,8.4,9.2,100.8
206,Alvin Kamara   NO,RB,11,13.7,16.0,6.6,11.2,9.5,12.6,5.9,6.5,0.7,14.5,BYE,3.5,—,—,—,—,—,9.2,100.7
207,Indianapolis Colts   IND,DST,16,13.0,1.0,15.0,5.0,17.0,4.0,7.0,7.0,5.0,5.0,BYE,8.0,5.0,1.0,2.0,-1.0,6.0,6.3,100.0
208,Cade Otton   TB,TE,15,0.0,5.5,0.0,3.9,12.1,10.1,13.5,8.0,BYE,17.2,4.8,6.1,2.9,4.9,—,3.5,7.3,6.7,99.8
209,Garrett Wilson   NYJ,WR,7,22.5,9.0,24.4,20.2,19.1,4.3,—,—,BYE,0.0,—,—,—,—,—,—,—,14.2,99.5
210,Kirk Cousins   ATL,QB,9,—,—,1.2,—,BYE,—,—,7.1,—,—,2.1,15.5,13.4,4.5,26.9,18.6,9.1,10.9,98.3
211,Devin Singletary   NYG,RB,16,0.9,1.0,1.1,2.8,3.4,1.0,0.2,3.8,7.1,10.3,17.7,4.7,19.2,BYE,2.4,5.6,17.0,6.1,98.2
212,Miami Dolphins   MIA,DST,16,0.0,8.0,1.0,8.0,7.0,2.0,2.0,7.0,1.0,13.0,9.0,BYE,11.0,16.0,2.0,-2.0,12.0,6.1,97.0
213,Carolina Panthers   CAR,DST,16,2.0,3.0,22.0,-3.0,3.0,0.0,17.0,-2.0,9.0,5.0,2.0,7.0,13.0,BYE,6.0,5.0,7.0,6.0,96.0
214,Evan Engram   DEN,TE,15,5.1,2.2,—,6.9,13.3,9.9,9.2,7.6,0.0,3.2,7.3,BYE,13.9,2.8,2.2,5.6,6.1,6.4,95.3
215,Keon Coleman   BUF,WR,12,25.2,5.6,5.0,7.5,10.3,4.1,BYE,6.0,3.7,13.6,—,—,8.9,3.6,0.0,—,—,7.8,93.5
216,Jake Tonges   SF,TE,16,10.5,7.1,4.1,14.8,17.1,11.8,0.0,7.2,0.0,0.0,0.0,0.0,0.0,BYE,0.0,1.7,19.0,5.8,93.3
216,Dawson Knox   BUF,TE,16,4.0,3.9,0.0,0.0,3.5,8.9,BYE,2.5,4.0,6.7,3.3,4.7,5.8,17.3,18.7,2.0,8.0,5.8,93.3
218,Baltimore Ravens   BAL,DST,16,-3.0,15.0,-4.0,-3.0,-2.0,5.0,BYE,4.0,15.0,8.0,9.0,11.0,2.0,0.0,23.0,7.0,6.0,5.8,93.0
218,Detroit Lions   DET,DST,16,0.0,8.0,8.0,19.0,10.0,2.0,12.0,BYE,7.0,2.0,2.0,3.0,-1.0,10.0,0.0,4.0,7.0,5.8,93.0
220,Bam Knight   ARI,RB,12,—,0.0,—,0.0,9.4,12.4,9.4,BYE,6.7,4.3,14.5,13.2,16.8,6.4,-0.2,—,—,7.7,92.9
221,Jalen Nailor   MIN,WR,16,3.8,6.1,6.7,9.2,7.2,BYE,5.7,0.0,2.6,23.4,2.6,0.0,0.0,6.0,19.5,0.0,0.0,5.8,92.8
222,Kendrick Bourne   SF,WR,15,—,6.2,7.8,2.7,24.2,19.2,3.4,7.4,5.4,2.9,0.0,0.0,0.0,BYE,3.7,5.7,3.5,6.1,92.1
222,Michael Carter   ARI,RB,12,—,—,—,0.1,18.3,8.4,5.6,BYE,—,0.4,7.8,8.8,11.4,5.1,13.4,6.5,6.3,7.7,92.1
224,Tampa Bay Buccaneers   TB,DST,16,2.0,4.0,14.0,4.0,0.0,11.0,8.0,26.0,BYE,2.0,2.0,0.0,7.0,5.0,2.0,2.0,3.0,5.8,92.0
225,Sean Tucker   TB,RB,16,0.2,0.0,0.0,0.0,2.9,8.5,1.6,10.2,BYE,6.1,34.0,5.6,0.0,8.9,6.7,6.3,0.8,5.7,91.8
226,Gunnar Helm   TEN,TE,16,2.6,2.9,5.7,2.2,7.4,3.5,7.6,10.3,2.5,BYE,6.9,11.1,8.3,1.8,14.9,2.9,1.1,5.7,91.7
227,Matt Gay   SF,K,12,3.0,6.0,14.0,18.0,9.0,8.0,2.0,—,2.0,5.0,7.0,9.0,8.0,BYE,—,—,—,7.6,91.0
228,DeMario Douglas   NE,WR,16,8.2,1.8,2.7,0.0,3.7,16.1,4.7,5.7,20.0,5.4,6.1,6.1,6.3,BYE,0.5,1.6,2.0,5.7,90.9
229,Marvin Mims Jr.   DEN,WR,15,2.2,10.4,1.4,20.5,3.9,4.8,15.8,1.8,0.0,—,0.2,BYE,3.7,7.7,7.7,5.9,4.0,6.0,90.0
230,Shedeur Sanders   CLE,QB,7,—,—,—,—,—,—,—,—,BYE,—,2.5,11.3,10.6,34.5,6.5,13.2,11.4,12.8,89.9
231,Tez Johnson   TB,WR,15,0.0,—,0.0,2.3,10.1,11.5,15.8,9.3,BYE,20.2,1.6,12.3,1.5,0.0,0.0,0.9,3.9,6.0,89.4
231,Darius Slayton   NYG,WR,13,0.0,8.1,7.0,7.4,4.1,—,—,4.6,11.2,12.9,—,3.3,14.1,BYE,9.3,1.8,5.6,6.9,89.4
233,Tennessee Titans   TEN,DST,16,10.0,4.0,-4.0,2.0,15.0,5.0,4.0,-1.0,20.0,BYE,5.0,6.0,3.0,7.0,0.0,10.0,3.0,5.6,89.0
234,Mason Taylor   NYJ,TE,13,3.0,1.5,5.8,11.5,17.7,1.2,6.1,14.4,BYE,1.4,7.0,5.1,4.1,10.1,—,—,—,6.8,88.9
235,Emanuel Wilson   GB,RB,16,0.4,0.0,2.5,11.1,BYE,1.7,2.5,11.7,2.7,1.4,13.9,26.5,1.4,1.0,0.3,8.2,3.4,5.5,88.7
235,Darren Waller   MIA,TE,9,—,—,—,17.7,18.8,9.2,0.0,—,—,—,—,BYE,6.7,2.7,25.6,7.0,1.0,9.9,88.7
237,Ricky Pearsall   SF,WR,10,14.8,9.2,19.7,8.6,—,—,—,—,0.0,—,1.0,2.8,3.4,BYE,15.6,—,13.5,8.9,88.6
238,Nick Chubb   HOU,RB,15,6.0,15.2,7.0,8.2,12.1,BYE,2.1,8.9,3.4,6.2,1.7,2.5,9.4,0.3,—,5.2,0.1,5.9,88.3
239,Adonai Mitchell   NYJ,WR,15,4.1,4.0,0.0,10.6,0.0,—,1.8,0.0,1.7,—,2.0,6.2,24.2,3.4,17.4,7.3,5.2,5.9,87.9
240,Isiah Pacheco   KC,RB,13,4.8,3.9,5.8,12.8,8.6,6.1,12.4,5.8,—,BYE,—,—,5.3,3.0,2.1,13.5,3.2,6.7,87.3
241,Daniel Carlson   LV,K,16,11.0,12.0,4.0,6.0,6.0,10.0,0.0,BYE,5.0,1.0,11.0,5.0,2.0,6.0,0.0,3.0,5.0,5.4,87.0
242,Andrei Iosivas   CIN,WR,16,0.0,2.2,0.0,3.7,13.2,1.5,7.9,0.0,18.0,BYE,5.0,10.6,9.9,3.7,0.0,3.1,8.1,5.4,86.9
243,David Njoku   CLE,TE,12,6.7,8.0,9.0,3.1,18.7,5.8,—,13.7,BYE,10.1,1.7,0.0,2.4,7.1,—,—,—,7.2,86.3
244,Olamide Zaccheaus   CHI,WR,15,8.2,4.1,6.6,9.1,BYE,4.8,2.9,10.3,17.8,1.5,0.0,1.6,3.9,8.7,0.0,5.3,—,5.7,84.8
245,Xavier Hutchinson   HOU,WR,16,5.5,4.9,4.6,3.7,16.8,BYE,2.3,17.9,6.0,0.0,7.2,0.9,5.9,0.0,2.6,1.4,4.9,5.3,84.6
246,Xavier Legette   CAR,WR,14,4.0,0.8,—,—,11.1,3.1,24.2,3.7,3.2,0.0,18.3,5.2,1.1,BYE,5.9,2.2,1.3,6.0,84.1
247,KaVontae Turpin   DAL,WR,14,4.7,15.3,8.8,6.4,—,—,2.7,0.8,3.3,BYE,1.0,4.2,8.1,5.0,3.2,4.7,15.6,6.0,83.8
247,Jonnu Smith   PIT,TE,16,12.5,6.7,5.3,2.6,BYE,5.8,11.8,3.7,5.5,1.4,0.0,5.8,1.6,0.0,10.6,2.8,7.7,5.2,83.8
249,Sterling Shepard   TB,WR,13,6.9,7.4,12.0,4.0,11.9,7.1,7.5,1.8,BYE,6.1,10.1,4.2,1.5,1.5,—,—,—,6.3,82.0
250,Dylan Sampson   CLE,RB,14,17.3,10.9,0.2,-0.2,1.2,4.4,2.7,7.9,BYE,0.9,1.9,16.2,2.3,9.8,—,—,5.7,5.8,81.2
250,Chris Godwin Jr.   TB,WR,8,—,—,—,5.6,5.6,—,—,—,BYE,—,—,2.9,10.8,10.5,14.0,8.0,23.8,10.2,81.2
252,Kansas City Chiefs   KC,DST,16,3.0,3.0,12.0,8.0,7.0,2.0,13.0,10.0,2.0,BYE,2.0,1.0,1.0,4.0,7.0,2.0,4.0,5.1,81.0
253,Tyquan Thornton   KC,WR,14,6.1,13.9,18.1,8.1,12.0,0.0,4.9,0.0,0.0,BYE,7.1,0.0,0.0,3.9,6.7,—,—,5.8,80.8
253,Kyler Murray   ARI,QB,5,18.3,15.0,14.1,18.1,15.3,—,—,BYE,—,—,—,—,—,—,—,—,—,16.2,80.8
255,Ty Johnson   BUF,RB,16,2.4,0.6,3.1,0.0,1.0,2.6,BYE,0.6,10.0,4.6,15.0,8.2,5.5,5.9,5.8,7.6,7.8,5.0,80.7
256,Bhayshul Tuten   JAC,RB,14,1.1,15.4,8.1,3.2,2.1,4.8,2.2,BYE,9.6,2.0,13.4,1.7,8.9,-1.5,9.3,—,—,5.7,80.3
257,Arizona Cardinals   ARI,DST,16,5.0,13.0,6.0,5.0,7.0,2.0,1.0,BYE,15.0,6.0,-1.0,17.0,3.0,-4.0,-1.0,7.0,-1.0,5.0,80.0
257,Zane Gonzalez   ATL,K,8,—,—,—,—,BYE,—,—,—,—,6.0,12.0,15.0,8.0,10.0,6.0,10.0,13.0,10.0,80.0
259,Mike Evans   TB,WR,7,10.1,10.6,13.3,—,—,—,0.0,—,BYE,—,—,—,—,—,19.2,14.1,12.1,11.3,79.4
260,Darnell Mooney   ATL,WR,14,—,4.0,8.4,2.5,BYE,—,9.8,2.1,2.5,2.7,6.4,16.4,4.5,1.6,6.5,4.4,5.5,5.5,77.3
261,Chris Rodriguez Jr.   WAS,RB,12,—,—,3.9,5.9,0.7,0.0,7.2,0.2,12.5,7.6,9.5,BYE,10.1,5.2,—,13.9,—,6.4,76.7
262,Dontayvion Wicks   GB,WR,14,5.0,8.4,4.1,3.9,BYE,3.5,1.5,—,—,7.8,1.9,5.2,28.0,0.0,1.6,3.2,1.7,5.4,75.8
263,Carson Wentz   MIN,QB,5,—,—,15.3,23.2,14.7,BYE,13.3,8.8,—,—,—,—,—,—,—,—,—,15.1,75.3
263,Noah Fant   CIN,TE,14,12.6,5.8,5.6,—,0.0,6.7,14.4,7.1,10.8,BYE,6.6,1.9,1.3,2.5,0.0,—,0.0,5.4,75.3
265,Greg Dortch   ARI,WR,12,0.8,2.1,2.8,7.9,3.2,9.9,2.5,BYE,0.9,6.2,18.6,16.8,3.4,—,—,—,—,6.3,75.1
266,Green Bay Packers   GB,DST,16,10.0,5.0,8.0,-3.0,BYE,2.0,8.0,5.0,4.0,6.0,7.0,18.0,3.0,3.0,1.0,0.0,-3.0,4.6,74.0
267,Jalen Coker   CAR,WR,10,—,—,—,—,—,—,0.0,6.6,1.9,5.1,11.2,6.2,17.4,BYE,14.0,7.7,3.6,7.4,73.7
268,Darnell Washington   PIT,TE,16,0.0,2.0,0.0,5.0,BYE,9.2,9.2,0.0,8.3,2.5,10.7,4.2,6.5,2.2,5.5,4.6,3.5,4.6,73.4
269,Cole Kmet   CHI,TE,15,4.1,4.9,8.0,7.6,BYE,1.0,2.6,—,2.0,1.5,9.5,1.3,12.6,6.2,4.8,3.4,3.6,4.9,73.1
269,Isaac TeSlaa   DET,WR,16,8.3,3.9,0.0,0.0,8.2,0.0,0.0,BYE,0.0,2.1,0.0,0.0,11.5,10.0,0.0,15.2,13.9,4.6,73.1
271,Jake Moody   WAS,K,8,5.0,—,—,—,—,16.0,14.0,—,—,—,—,BYE,8.0,0.0,13.0,4.0,13.0,9.1,73.0
272,Dillon Gabriel   CLE,QB,10,—,4.8,—,0.0,16.1,8.8,5.8,13.5,BYE,20.1,2.9,—,0.0,—,—,0.0,—,7.2,72.1
273,New York Giants   NYG,DST,16,3.0,1.0,2.0,7.0,1.0,8.0,1.0,0.0,3.0,0.0,2.0,4.0,2.0,BYE,5.0,15.0,18.0,4.5,72.0
273,San Francisco 49ers   SF,DST,16,9.0,5.0,5.0,0.0,7.0,0.0,8.0,2.0,2.0,-3.0,6.0,9.0,11.0,BYE,0.0,12.0,-1.0,4.5,72.0
275,Calvin Austin III   PIT,WR,13,17.0,3.2,12.4,3.3,BYE,—,—,6.8,10.6,3.4,1.5,7.6,0.0,4.1,0.0,1.8,—,5.5,71.7
276,Tyler Lockett   LV,WR,16,0.0,2.9,7.7,0.0,7.6,1.0,3.8,BYE,0.0,9.4,6.3,10.2,2.1,7.1,3.0,1.6,8.9,4.5,71.6
277,Isaiah Davis   NYJ,RB,16,1.8,1.6,0.0,4.7,6.3,1.1,5.2,17.9,BYE,2.1,1.1,0.7,0.0,2.2,13.5,10.0,3.0,4.5,71.2
278,Jeremy McNichols   WAS,RB,16,2.5,0.0,13.8,1.3,2.8,6.5,6.5,11.8,0.0,3.9,4.9,BYE,5.0,1.2,1.2,5.2,4.0,4.4,70.6
279,JuJu Smith-Schuster   KC,WR,16,10.5,1.5,9.5,13.6,3.7,8.7,6.5,4.9,1.2,BYE,0.0,1.8,0.0,1.5,0.0,2.2,4.6,4.4,70.2
280,Washington Commanders   WAS,DST,16,9.0,2.0,11.0,2.0,13.0,5.0,-1.0,6.0,-2.0,-2.0,4.0,BYE,3.0,3.0,9.0,3.0,5.0,4.4,70.0
280,Van Jefferson   TEN,WR,16,0.0,3.0,1.8,1.6,0.0,11.5,8.1,1.6,3.1,BYE,11.2,2.1,5.0,3.7,5.3,4.4,7.6,4.4,70.0
282,Samaje Perine   CIN,RB,14,2.6,0.0,0.1,0.4,4.9,5.2,3.1,17.0,0.5,BYE,—,—,5.4,4.8,5.3,12.1,8.3,5.0,69.7
283,Matthew Golden   GB,WR,13,3.6,1.5,10.1,11.3,BYE,13.2,7.7,3.4,2.9,—,3.4,—,—,0.0,8.5,0.4,2.2,5.2,68.2
284,Pat Bryant   DEN,WR,14,0.0,3.8,0.0,0.0,0.0,4.2,1.6,12.0,4.0,5.3,13.2,BYE,7.2,7.2,—,9.2,—,4.8,67.7
285,Mike Gesicki   CIN,TE,12,2.4,4.8,1.6,1.8,3.5,0.0,—,—,—,BYE,—,7.5,3.9,20.6,2.1,12.5,6.7,5.6,67.4
286,Cincinnati Bengals   CIN,DST,16,7.0,5.0,-1.0,1.0,2.0,3.0,3.0,-4.0,6.0,BYE,1.0,10.0,12.0,4.0,7.0,6.0,5.0,4.2,67.0
286,DeAndre Hopkins   BAL,WR,16,11.5,14.4,2.3,0.0,6.6,4.0,BYE,2.4,0.0,3.6,2.1,3.3,4.5,0.0,4.2,8.1,0.0,4.2,67.0
286,Harrison Mevis   LAR,K,8,—,—,—,—,—,—,—,BYE,—,6.0,3.0,13.0,4.0,9.0,12.0,14.0,6.0,8.4,67.0
286,Davis Mills   HOU,QB,5,—,—,—,—,1.2,BYE,—,—,6.2,28.7,16.4,14.5,—,—,—,—,—,13.4,67.0
290,John Metchie III   NYJ,WR,15,0.0,1.0,1.8,3.0,0.0,0.0,—,0.0,BYE,0.6,13.5,18.5,5.7,7.4,6.9,1.4,7.1,4.5,66.9
291,Devaughn Vele   NO,WR,13,2.3,7.3,—,0.0,3.3,0.0,0.0,2.0,0.0,2.5,BYE,6.7,23.3,7.0,11.9,—,—,5.1,66.3
292,Jaylin Noel   HOU,WR,16,1.7,0.0,1.4,1.0,9.8,BYE,11.7,11.3,-0.3,7.5,2.2,1.9,0.0,3.3,0.0,0.0,14.6,4.1,66.1
292,Michael Mayer   LV,TE,12,7.8,2.9,0.0,—,—,16.0,2.0,BYE,5.6,5.2,4.3,2.4,—,—,0.0,2.0,17.9,5.5,66.1
294,Justice Hill   BAL,RB,10,-0.1,5.5,7.5,28.7,2.2,9.4,BYE,0.2,3.5,8.3,—,0.0,—,—,—,—,—,6.5,65.2
295,Tory Horton   SEA,WR,8,0.0,11.2,18.2,2.0,12.9,0.0,0.0,BYE,20.8,—,—,—,—,—,—,—,—,8.1,65.1
296,Tre' Harris   LAC,WR,16,2.1,5.4,0.0,0.0,0.0,6.7,4.3,8.8,3.8,2.4,2.2,BYE,6.0,3.1,7.9,9.4,2.5,4.0,64.6
297,Tyrod Taylor   NYJ,QB,6,—,8.3,17.7,—,—,—,4.1,—,BYE,—,—,13.8,21.3,-0.8,—,—,—,10.7,64.5
298,Travis Hunter   JAC,WR,7,9.3,5.2,3.1,7.2,9.4,5.5,24.1,BYE,—,—,—,—,—,—,—,—,—,9.1,63.8
299,Davis Allen   LAR,TE,16,8.3,7.8,1.3,1.0,4.4,1.7,1.4,BYE,6.7,8.8,0.0,5.9,1.4,4.1,4.6,5.4,0.0,3.9,62.8
300,Michael Badgley   BUF,K,9,—,—,—,—,—,8.0,6.0,9.0,12.0,8.0,—,8.0,5.0,—,—,6.0,0.0,6.9,62.0
301,Brian Robinson Jr.   SF,RB,16,4.7,2.9,2.2,2.1,1.2,3.8,3.6,0.0,11.3,11.5,2.4,5.4,2.6,BYE,2.1,2.0,3.8,3.8,61.6
302,Devin Neal   NO,RB,9,0.9,—,—,—,—,—,0.1,4.1,2.2,6.1,BYE,11.1,9.9,15.4,10.2,—,—,6.7,60.0
303,Kalif Raymond   DET,WR,14,3.6,3.3,1.4,9.3,0.0,0.0,4.7,BYE,0.0,9.9,0.0,5.7,—,—,3.0,16.2,1.5,4.2,58.6
304,Joshua Karty   ARI,K,8,2.0,9.0,17.0,10.0,6.0,5.0,5.0,BYE,4.0,—,—,—,—,—,—,—,—,7.3,58.0
305,Austin Hooper   NE,TE,15,2.0,6.8,4.8,3.4,0.0,1.5,9.1,5.8,3.0,0.0,—,6.9,0.0,BYE,0.0,5.4,9.1,3.9,57.8
306,Christian Kirk   HOU,WR,12,—,—,5.5,5.0,10.4,BYE,—,—,6.6,1.3,1.6,16.4,0.0,1.6,0.0,6.7,2.1,4.8,57.2
307,Malik Nabers   NYG,WR,4,12.1,37.7,3.3,4.0,—,—,—,—,—,—,—,—,—,BYE,—,—,—,14.3,57.1
308,Las Vegas Raiders   LV,DST,16,10.0,5.0,-1.0,3.0,-4.0,16.0,0.0,BYE,2.0,10.0,2.0,5.0,4.0,3.0,0.0,1.0,1.0,3.6,57.0
308,Spencer Shrader   IND,K,5,16.0,18.0,11.0,10.0,2.0,—,—,—,—,—,BYE,—,—,—,—,—,—,11.4,57.0
310,Jake Browning   CIN,QB,5,—,20.7,7.9,5.4,22.1,—,—,—,—,BYE,—,0.6,—,—,—,—,—,11.3,56.7
310,Greg Dulcich   MIA,TE,9,—,—,—,—,—,—,—,0.0,9.9,3.2,3.8,BYE,4.4,7.1,6.6,5.6,16.1,6.3,56.7
310,Cedric Tillman   CLE,WR,12,16.2,10.2,5.6,1.6,—,—,—,—,BYE,3.1,8.2,1.5,0.0,3.3,0.0,1.8,5.2,4.7,56.7
313,Isaiah Likely   BAL,TE,13,—,—,—,0.0,2.2,2.6,BYE,2.8,9.0,3.7,3.5,2.0,12.5,12.5,0.0,0.0,5.7,4.3,56.5
314,Brashard Smith   KC,RB,16,0.0,0.2,1.3,6.6,6.6,5.1,13.1,0.8,0.7,BYE,2.8,6.6,0.0,0.7,0.1,1.4,9.5,3.5,55.5
314,Kyle Juszczyk   SF,RB,16,5.2,1.5,7.1,6.2,5.0,1.9,1.8,1.4,2.2,2.8,4.6,0.0,4.7,BYE,1.7,0.0,9.4,3.5,55.5
316,Rashod Bateman   BAL,WR,13,3.0,3.5,17.3,3.4,0.0,1.8,BYE,7.1,9.3,4.0,—,—,0.0,4.3,—,0.0,1.7,4.3,55.4
317,Keaton Mitchell   BAL,RB,12,—,—,—,—,2.3,0.0,BYE,4.3,2.8,3.1,7.4,2.9,11.1,7.6,6.6,1.3,5.8,4.6,55.2
318,Charlie Smyth   NO,K,5,—,—,—,—,—,—,—,—,—,—,BYE,—,5.0,6.0,10.0,20.0,14.0,11.0,55.0
319,Dallas Cowboys   DAL,DST,16,1.0,1.0,-1.0,1.0,7.0,2.0,15.0,-2.0,13.0,BYE,9.0,5.0,2.0,-1.0,1.0,-1.0,2.0,3.4,54.0
319,Ja'Tavion Sanders   CAR,TE,13,4.7,12.4,3.1,—,—,—,0.0,4.9,1.5,8.2,6.2,1.6,0.0,BYE,2.5,8.9,0.0,4.2,54.0
321,Tyreek Hill   MIA,WR,4,8.0,16.9,15.9,12.7,—,—,—,—,—,—,—,BYE,—,—,—,—,—,13.4,53.5
322,Russell Wilson   NYG,QB,6,11.1,31.3,7.1,0.3,—,0.0,—,—,—,3.0,—,—,—,BYE,—,—,—,8.8,52.8
322,Demarcus Robinson   SF,WR,13,—,—,—,3.0,6.9,6.4,0.0,4.5,0.0,6.4,2.3,1.8,0.6,BYE,5.6,10.3,5.0,4.1,52.8
324,Elijah Higgins   ARI,TE,16,1.3,6.5,1.7,0.0,3.0,5.4,1.3,BYE,6.0,3.9,1.1,0.0,3.7,1.0,1.3,16.1,0.0,3.3,52.3
325,Terrance Ferguson   LAR,TE,13,—,0.0,—,—,3.1,0.0,10.1,BYE,7.4,4.2,0.0,0.0,0.0,0.0,1.6,12.3,13.4,4.0,52.1
326,Ollie Gordon II   MIA,RB,16,1.3,2.3,9.8,1.0,-0.2,1.2,2.3,13.6,1.9,-0.3,10.5,BYE,1.0,7.7,0.0,-0.1,0.0,3.3,52.0
326,Isaiah Bond   CLE,WR,15,1.5,2.5,3.6,8.8,4.9,2.9,0.0,0.0,BYE,—,0.8,7.8,3.7,0.0,10.9,2.0,2.6,3.5,52.0
328,Brandin Cooks   BUF,WR,15,5.6,4.6,5.4,5.2,1.5,3.1,1.3,5.2,3.6,0.0,—,—,2.3,0.0,0.0,0.0,14.1,3.5,51.9
329,Jackson Hawes   BUF,TE,16,3.9,1.5,7.5,2.5,0.0,0.0,BYE,3.5,2.8,9.6,0.0,4.6,2.0,7.3,1.9,4.6,0.0,3.2,51.7
330,Emari Demercado   ARI,RB,12,0.0,0.0,0.0,10.1,6.1,0.1,—,BYE,8.8,13.4,4.0,—,—,—,2.1,3.0,4.0,4.3,51.6
331,Luke McCaffrey   WAS,WR,9,0.0,4.9,14.6,10.1,6.0,10.3,0.0,5.4,0.0,—,—,BYE,—,—,—,—,—,5.7,51.3
331,Isaiah Williams   NYJ,WR,14,—,0.0,0.0,-2.0,—,0.0,0.0,8.6,BYE,7.4,1.6,0.0,0.0,10.4,11.3,6.5,7.5,3.7,51.3
333,Joshua Palmer   BUF,WR,11,11.1,6.7,1.5,4.5,5.6,8.0,BYE,—,—,—,3.7,4.1,—,—,2.6,1.2,2.2,4.7,51.2
333,Malik Willis   GB,QB,4,—,—,—,—,BYE,—,—,—,—,—,5.8,0.6,—,—,—,13.2,31.5,12.8,51.2
335,Tommy Tremble   CAR,TE,16,1.2,5.0,3.6,15.2,1.7,7.9,1.0,1.4,0.0,0.0,6.4,0.0,1.2,BYE,3.3,1.6,1.6,3.2,51.1
336,New York Jets   NYJ,DST,16,3.0,0.0,9.0,0.0,-3.0,9.0,6.0,-3.0,BYE,19.0,1.0,1.0,4.0,6.0,-2.0,4.0,-3.0,3.2,51.0
336,Tyler Higbee   LAR,TE,9,0.0,7.7,0.0,4.5,—,14.0,4.9,BYE,10.3,6.3,3.3,—,—,—,—,—,—,5.7,51.0
338,Tim Patrick   JAC,WR,15,0.0,0.0,2.6,0.9,0.0,9.6,3.2,BYE,—,0.0,11.0,0.0,2.1,18.8,0.0,2.1,0.0,3.4,50.3
339,Josh Oliver   MIN,TE,14,1.5,0.0,8.2,0.0,11.5,BYE,1.9,0.0,—,—,0.7,1.4,0.0,16.4,2.8,3.9,1.8,3.6,50.1
340,Jaylin Lane   WAS,WR,15,2.1,1.2,6.8,3.8,2.6,5.4,9.0,1.0,3.9,5.1,2.3,BYE,0.0,0.0,6.0,0.0,—,3.3,49.2
340,Luke Musgrave   GB,TE,16,1.4,5.2,0.0,1.6,BYE,1.7,0.0,1.5,6.4,5.3,0.9,1.7,3.3,4.2,9.2,6.8,0.0,3.1,49.2
342,Kyle Williams   NE,WR,16,2.2,0.0,1.8,-0.2,0.0,0.0,0.0,0.0,0.0,14.2,0.0,2.8,10.3,BYE,0.0,12.6,5.0,3.0,48.7
343,Jayden Reed   GB,WR,6,13.5,0.0,—,—,BYE,—,—,—,—,—,—,—,—,9.3,10.5,7.1,8.1,8.1,48.5
344,Parker Romo   ATL,K,7,—,18.0,0.0,10.0,BYE,6.0,4.0,5.0,5.0,—,—,—,—,—,—,—,—,6.9,48.0
345,Dyami Brown   JAC,WR,14,8.8,17.6,2.7,—,3.5,4.0,7.0,BYE,5.9,0.0,0.0,0.0,—,0.0,-1.6,0.0,0.0,3.4,47.9
346,Tanner Hudson   CIN,TE,12,—,—,—,0.0,0.0,11.0,—,1.9,6.2,BYE,5.2,1.9,8.4,2.1,4.6,1.4,5.1,4.0,47.8
346,Daniel Bellinger   NYG,TE,15,2.4,0.0,1.6,2.3,9.2,0.0,17.8,3.1,—,1.8,0.0,0.0,0.0,BYE,6.5,0.0,3.1,3.2,47.8
348,Calvin Ridley   TEN,WR,7,6.7,8.7,3.7,5.0,18.1,2.8,—,—,—,BYE,2.3,—,—,—,—,—,—,6.8,47.3
349,David Sills V   ATL,WR,16,0.0,0.0,1.9,0.0,BYE,0.0,0.0,3.4,0.0,0.0,2.1,9.6,9.5,0.0,13.8,0.0,6.7,2.9,47.0
350,Jeremy Ruckert   NYJ,TE,16,3.6,7.5,0.0,3.3,6.8,0.0,0.0,3.4,BYE,1.0,6.3,0.0,3.2,3.9,3.3,3.4,1.2,2.9,46.9
351,Xavier Smith   LAR,WR,15,4.6,0.0,0.0,0.0,0.0,0.0,3.5,BYE,3.2,2.4,1.8,—,11.2,1.6,0.0,7.7,10.7,3.1,46.7
351,Mitchell Evans   CAR,TE,16,0.0,1.9,1.9,11.3,7.4,3.1,4.4,0.0,0.0,0.0,4.8,0.0,5.0,BYE,0.0,5.3,1.6,2.9,46.7
353,Jalen Tolbert   DAL,WR,12,1.0,3.6,7.4,10.1,0.0,1.8,2.6,12.7,0.0,BYE,0.0,—,0.0,—,—,—,7.1,3.9,46.3
354,Tyrell Shavers   BUF,WR,16,0.0,0.0,4.4,0.0,0.0,5.7,BYE,0.0,1.7,3.4,19.0,0.0,0.0,2.6,0.0,3.1,5.6,2.8,45.5
354,Adam Trautman   DEN,TE,16,1.5,10.0,0.0,5.2,2.1,0.0,0.0,0.0,4.5,1.2,1.8,BYE,7.7,3.7,0.0,3.4,4.4,2.8,45.5
356,Jameis Winston   NYG,QB,3,—,—,—,—,—,—,—,—,—,—,12.0,33.2,—,BYE,0.0,—,—,15.1,45.3
357,Jaylen Wright   MIA,RB,10,—,—,—,—,—,—,0.0,3.8,0.0,1.7,0.4,BYE,1.6,16.7,2.1,12.3,5.6,4.4,44.2
358,Jerome Ford   CLE,RB,13,1.5,10.4,5.0,1.3,5.8,8.0,3.0,0.9,BYE,0.1,0.2,-0.3,4.7,3.0,—,—,—,3.4,43.6
359,Jahan Dotson   PHI,WR,16,8.9,1.4,1.7,0.0,3.4,2.7,0.0,11.0,BYE,0.0,6.3,0.0,2.2,1.3,0.0,4.3,0.0,2.7,43.2
360,Jack Bech   LV,WR,15,3.3,0.0,2.0,0.0,5.7,0.0,3.3,BYE,0.0,0.0,2.9,0.0,4.2,11.0,3.7,6.3,—,2.8,42.4
361,Malik Davis   DAL,RB,10,—,—,—,—,—,—,0.0,0.3,0.3,BYE,2.0,2.4,10.7,0.6,11.7,2.3,10.3,4.1,40.6
362,Tyler Huntley   BAL,QB,5,—,—,—,—,—,6.6,BYE,16.7,—,—,—,—,—,—,-0.3,2.8,14.3,8.0,40.1
363,Graham Gano   NYG,K,5,8.0,13.0,3.0,—,—,—,—,9.0,6.0,—,—,—,—,BYE,—,—,—,7.8,39.0
364,Ray Davis   BUF,RB,16,1.1,2.4,0.0,0.3,0.1,9.9,BYE,1.6,0.0,0.8,0.0,6.0,6.2,0.0,2.3,5.4,2.6,2.4,38.7
365,Roman Wilson   PIT,WR,14,0.0,1.7,0.0,0.0,BYE,2.2,3.7,17.4,-0.6,11.5,2.7,0.0,0.0,0.0,—,—,0.0,2.8,38.6
365,Chris Moore   WAS,WR,13,4.4,—,4.5,0.9,0.0,13.6,7.9,0.0,0.0,0.0,4.8,BYE,0.0,—,—,0.0,2.5,3.0,38.6
367,Tyler Johnson   NYJ,WR,12,5.1,0.0,5.2,—,0.0,0.0,9.0,15.4,BYE,0.0,0.0,—,0.0,—,—,1.7,1.3,3.1,37.7
368,Elijah Arroyo   SEA,TE,13,1.7,5.1,0.0,6.4,2.0,1.6,6.2,BYE,10.9,1.5,0.0,1.5,0.0,0.0,—,—,—,2.8,36.9
369,Brock Wright   DET,TE,11,0.0,11.8,0.0,0.0,8.9,0.0,5.3,BYE,2.1,0.0,2.8,5.9,—,—,—,—,—,3.3,36.8
370,Zavier Scott   MIN,RB,10,—,—,6.0,16.4,-0.2,BYE,1.6,4.4,0.0,—,—,—,3.1,3.0,—,2.2,0.0,3.7,36.5
371,Jordan Whittington   LAR,WR,16,0.5,6.2,3.4,1.7,5.3,5.3,2.9,BYE,0.0,0.0,1.9,4.7,0.0,1.5,0.0,2.9,0.0,2.3,36.3
372,Tank Bigsby   PHI,RB,15,1.2,—,0.0,0.0,0.0,0.0,2.0,10.4,BYE,0.7,3.4,0.8,0.0,0.4,5.7,9.7,1.9,2.4,36.2
372,Charlie Kolar   BAL,TE,16,0.0,0.0,4.2,0.0,2.0,0.0,BYE,8.0,10.3,3.3,0.0,0.0,2.7,2.9,0.0,2.8,0.0,2.3,36.2
374,Hunter Renfrow   CAR,WR,6,3.1,23.8,2.6,3.0,1.7,1.7,—,—,—,—,—,—,—,BYE,—,—,—,6.0,35.9
375,Taysom Hill   NO,TE,12,—,—,—,—,0.7,6.1,2.8,2.2,3.0,2.0,BYE,1.7,1.7,-0.1,0.2,15.3,0.0,3.0,35.6
376,Trey Benson   ARI,RB,5,8.5,8.4,8.1,10.4,—,—,—,BYE,—,—,0.0,—,—,—,—,—,—,7.1,35.4
377,Philip Rivers   IND,QB,3,—,—,—,—,—,—,—,—,—,—,BYE,—,—,—,7.8,18.1,8.8,11.6,34.7
378,Lil'Jordan Humphrey   DEN,WR,9,—,—,—,—,—,9.5,0.0,0.0,—,—,0.0,BYE,0.0,5.7,13.2,1.9,4.3,3.8,34.6
379,Hunter Luepke   DAL,RB,16,0.0,0.0,0.0,0.6,2.0,8.7,1.3,0.2,0.0,BYE,7.1,1.7,0.0,0.0,5.0,2.4,5.4,2.2,34.4
380,James Conner   ARI,RB,4,14.4,12.2,6.7,—,—,—,—,BYE,—,0.0,—,—,—,—,—,—,—,8.3,33.3
380,Kendre Miller   NO,RB,7,2.4,2.0,5.6,12.5,5.9,4.2,0.7,—,—,—,BYE,—,—,—,—,—,—,4.8,33.3
382,Younghoe Koo   NYG,K,6,9.0,—,—,—,—,—,—,—,—,8.0,2.0,10.0,1.0,BYE,3.0,—,—,5.5,33.0
383,Noah Gray   KC,TE,15,1.3,1.1,4.7,1.1,0.0,4.5,3.8,4.3,0.0,BYE,2.9,5.5,—,2.4,0.0,0.0,1.2,2.2,32.8
384,Hunter Long   JAC,TE,9,7.6,0.0,3.2,11.3,1.3,3.9,3.6,BYE,1.6,—,—,—,—,0.0,—,—,—,3.6,32.5
384,Audric Estime   NO,RB,6,—,—,—,—,—,—,—,—,—,0.0,BYE,—,0.0,1.1,8.0,6.6,16.8,5.4,32.5
386,Adam Thielen   PIT,WR,15,2.0,4.6,0.0,3.1,0.0,—,2.0,0.0,0.0,3.6,1.6,0.0,—,1.4,1.7,8.9,3.4,2.2,32.3
387,Mitch Tinsley   CIN,WR,12,0.0,8.3,0.0,1.9,—,—,—,—,3.7,BYE,0.0,10.9,4.2,0.0,2.6,0.0,0.0,2.6,31.6
388,Ameer Abdullah   IND,RB,12,—,—,—,—,6.6,2.6,3.7,1.8,1.5,1.8,BYE,0.0,0.0,2.9,9.7,-0.6,1.4,2.6,31.4
389,Tyler Badie   DEN,RB,15,3.6,4.2,0.0,2.1,2.6,—,3.9,0.6,2.6,0.0,1.0,BYE,4.8,3.1,1.1,1.2,0.0,2.1,30.8
390,Zay Jones   ARI,WR,8,1.4,0.0,4.5,—,2.8,12.9,8.7,BYE,0.0,0.0,—,—,—,—,—,—,—,3.8,30.3
391,Luke Farrell   SF,TE,16,1.4,9.5,0.0,2.0,1.8,0.0,2.1,0.0,1.9,9.5,0.0,1.3,0.0,BYE,0.0,0.0,0.0,1.8,29.5
392,Jawhar Jordan   HOU,RB,3,—,—,—,—,—,BYE,—,—,—,—,—,—,—,—,13.8,12.0,3.6,9.8,29.4
392,Raheem Mostert   LV,RB,12,—,—,—,8.3,2.2,-0.4,1.2,BYE,2.4,2.5,3.3,5.0,0.6,1.2,1.2,1.9,—,2.4,29.4
394,Julian Hill   MIA,TE,13,2.0,0.0,1.4,2.9,6.2,6.1,1.1,—,—,—,2.4,BYE,0.0,0.0,4.5,0.0,2.6,2.2,29.2
395,Elijah Moore   DEN,WR,9,2.1,10.7,6.1,0.0,—,0.0,—,2.4,3.8,2.8,—,0.7,—,—,—,—,—,3.2,28.6
396,Tutu Atwell   LAR,WR,9,1.4,0.0,0.0,15.8,9.2,—,0.0,BYE,—,—,—,—,—,—,1.9,0.0,0.0,3.1,28.3
397,Jalen McMillan   TB,WR,3,—,—,—,—,—,—,—,—,BYE,—,—,—,—,—,5.8,3.6,18.4,9.3,27.8
398,Isaiah Hodgins   NYG,WR,6,—,—,—,—,—,—,—,—,—,—,10.7,12.2,1.4,BYE,1.4,0.0,1.8,4.6,27.5
399,Drew Sample   CIN,TE,16,0.0,1.7,10.0,0.0,0.9,0.8,0.0,0.0,0.0,BYE,0.0,1.0,2.7,0.0,3.2,5.1,1.8,1.7,27.2
400,Quinn Ewers   MIA,QB,3,—,—,—,—,—,—,2.1,—,—,—,—,BYE,—,—,—,8.9,15.8,8.9,26.8
401,Miles Sanders   DAL,RB,4,4.0,9.9,8.3,4.5,—,—,—,—,—,BYE,—,—,—,—,—,—,—,6.7,26.7
402,Chris Brooks   GB,RB,16,1.3,5.7,0.0,1.1,BYE,0.1,0.0,0.0,4.4,0.0,0.8,3.6,2.9,1.6,2.6,0.4,2.1,1.7,26.6
403,Brady Cook   NYJ,QB,4,—,—,—,—,—,—,—,—,BYE,—,—,—,—,4.5,11.9,4.7,5.2,6.6,26.4
404,Jimmy Horn Jr.   CAR,WR,12,—,—,—,—,5.1,6.7,2.5,0.9,1.8,0.0,0.0,2.1,0.0,BYE,1.7,2.5,2.9,2.2,26.2
405,Ben Sinnott   WAS,TE,15,0.0,1.7,0.0,0.0,0.0,0.0,0.0,3.2,0.0,7.4,—,BYE,0.0,1.8,4.6,1.5,5.9,1.7,26.1
406,Treylon Burks   WAS,WR,7,—,—,—,—,—,—,—,—,2.4,8.8,—,BYE,7.5,0.0,0.0,5.0,2.1,3.7,25.8
406,Malachi Corley   CLE,WR,12,—,—,—,—,1.1,0.0,3.7,3.1,BYE,3.2,2.9,1.2,0.9,0.2,2.0,6.1,1.4,2.2,25.8
408,Mo Alie-Cox   IND,TE,16,3.0,1.8,0.0,0.0,0.0,2.6,1.6,0.0,0.0,0.0,BYE,1.9,0.0,0.0,0.0,3.6,11.0,1.6,25.5
408,Savion Williams   GB,WR,12,1.1,2.4,-0.1,5.3,BYE,0.3,0.0,7.9,1.2,2.2,4.3,0.0,—,—,—,0.9,—,2.1,25.5
410,Brycen Tremayne   CAR,WR,15,0.0,7.8,3.5,6.6,1.9,0.0,0.0,0.0,1.8,—,3.7,0.0,0.0,BYE,0.0,0.0,0.0,1.7,25.3
410,Kevin Austin Jr.   NO,WR,7,—,—,0.0,—,—,—,—,—,—,—,BYE,0.0,0.0,0.0,6.3,3.8,15.2,3.6,25.3
412,John FitzPatrick   GB,TE,15,1.2,0.0,9.2,0.0,BYE,0.0,1.6,1.4,0.0,0.0,1.5,2.1,0.0,3.4,4.8,0.0,—,1.7,25.2
412,Konata Mumpfield   LAR,WR,16,0.0,0.0,0.0,0.0,0.0,1.7,7.5,BYE,0.0,0.0,0.0,4.5,0.0,1.5,0.0,7.0,3.0,1.6,25.2
414,Devontez Walker   BAL,WR,10,—,16.6,4.4,0.0,0.0,—,BYE,—,—,—,0.0,4.0,0.0,—,0.0,0.0,0.0,2.5,25.0
414,Luke Schoonmaker   DAL,TE,16,0.0,0.0,1.5,2.8,1.3,1.8,0.0,4.5,2.4,BYE,0.0,0.0,1.1,2.2,3.9,0.0,3.5,1.6,25.0
416,LeQuint Allen Jr.   JAC,RB,16,2.1,1.3,1.9,1.7,0.0,2.2,1.4,BYE,2.1,1.6,3.6,0.2,0.0,2.8,2.6,1.0,0.3,1.6,24.8
417,Jaleel McLaughlin   DEN,RB,7,—,—,—,—,—,0.0,—,—,—,—,8.4,BYE,4.0,4.1,0.4,3.7,4.0,3.5,24.6
418,Ian Thomas   LV,TE,14,0.0,0.0,0.0,0.0,5.0,1.4,0.0,BYE,1.9,0.0,3.0,7.6,1.8,3.7,—,—,0.0,1.7,24.4
419,Bo Melton   GB,WR,15,0.0,—,0.0,0.0,BYE,0.3,0.0,0.0,0.0,4.8,1.7,0.0,1.5,11.5,0.0,0.0,4.4,1.6,24.2
419,Rasheen Ali   BAL,RB,14,0.5,0.0,0.0,0.0,0.0,0.0,BYE,0.0,0.0,—,2.5,—,1.7,3.3,11.2,2.2,2.8,1.7,24.2
421,Marquez Valdes-Scantling   PIT,WR,9,0.0,0.0,1.9,—,1.9,4.2,—,—,—,—,—,—,—,0.0,8.9,1.6,5.1,2.6,23.6
422,Dont'e Thornton Jr.   LV,WR,14,6.5,3.0,4.9,0.0,0.0,0.0,0.0,BYE,—,1.4,0.0,2.4,2.1,—,0.0,0.0,3.2,1.7,23.5
423,Antonio Gibson   NE,RB,5,0.3,9.8,0.8,8.7,3.6,—,—,—,—,—,—,—,—,BYE,—,—,—,4.6,23.2
424,Josh Reynolds   NYJ,WR,5,3.8,—,—,0.0,7.9,5.5,5.9,—,BYE,—,—,—,—,—,—,—,—,4.6,23.1
425,Allen Lazard   NYJ,WR,10,—,0.0,9.3,1.8,1.3,—,3.6,1.5,BYE,—,—,1.9,2.0,0.0,1.6,—,—,2.3,23.0
426,Dare Ogunbowale   HOU,RB,16,2.6,0.0,0.0,0.0,0.0,BYE,0.0,2.7,1.2,0.0,1.9,0.0,0.0,6.5,6.4,0.9,0.0,1.4,22.2
427,Lucas Havrisik   GB,K,3,—,—,—,—,BYE,10.0,11.0,—,—,—,1.0,—,—,—,—,—,—,7.3,22.0
427,Matthew Wright   HOU,K,4,—,—,—,—,—,5.0,—,1.0,—,4.0,12.0,—,—,—,—,—,—,5.5,22.0
429,Curtis Samuel   BUF,WR,6,—,—,—,1.9,10.6,—,BYE,0.0,1.6,3.1,3.9,—,—,—,—,—,—,3.5,21.1
430,George Holani   SEA,RB,10,0.0,6.0,4.2,0.0,0.0,0.0,0.0,BYE,0.9,9.1,0.6,—,—,—,—,—,—,2.1,20.8
431,Jamari Thrash   CLE,WR,9,1.6,1.5,2.7,0.0,3.2,3.3,3.3,5.1,BYE,0.0,—,—,—,—,—,—,—,2.3,20.7
432,Mason Tipton   NO,WR,13,—,—,0.0,0.0,0.0,0.0,0.0,0.0,0.0,0.0,BYE,6.3,4.9,0.0,1.1,8.1,—,1.6,20.4
433,Ashton Dulin   IND,WR,11,1.5,0.0,0.0,2.8,7.5,0.0,—,0.2,0.0,2.2,BYE,5.8,—,—,—,—,0.0,1.8,20.0
434,Connor Heyward   PIT,TE,15,0.0,1.6,0.0,0.2,BYE,8.2,0.0,0.0,0.4,0.0,0.3,0.0,—,0.2,6.4,0.0,2.6,1.3,19.9
434,Nick Westbrook-Ikhine   MIA,WR,14,1.7,3.8,0.0,1.1,0.0,0.0,4.6,2.8,4.2,1.7,0.0,BYE,0.0,0.0,0.0,—,—,1.4,19.9
436,Will Dissly   LAC,TE,8,2.8,1.7,—,—,—,3.8,0.0,—,—,—,—,BYE,—,1.1,0.0,5.8,3.9,2.4,19.1
437,Brevyn Spann-Ford   DAL,TE,16,0.0,1.3,0.0,0.0,0.0,1.2,0.0,1.9,0.0,BYE,1.4,7.4,0.0,1.7,0.0,0.0,4.1,1.2,19.0
437,Jaret Patterson   LAC,RB,5,—,—,—,—,—,—,—,3.0,4.4,0.1,—,BYE,11.4,—,—,—,0.1,3.8,19.0
439,Theo Wease Jr.   MIA,WR,2,—,—,—,—,—,—,—,—,—,—,—,BYE,—,—,—,5.2,13.3,9.3,18.5
440,Tanner Conner   NYG,TE,9,4.0,0.0,2.3,0.0,3.6,1.8,3.8,2.6,0.0,—,—,—,—,BYE,—,—,—,2.0,18.1
441,John Bates   WAS,TE,14,0.0,0.0,—,—,1.9,0.0,1.5,3.2,4.0,1.6,0.0,BYE,2.9,0.0,2.9,0.0,0.0,1.3,18.0
441,Cade Stover   HOU,TE,8,6.2,—,—,—,—,BYE,—,—,—,—,0.0,0.0,3.9,0.0,5.2,2.7,0.0,2.3,18.0
441,Cody White   SEA,WR,9,0.0,—,—,—,—,—,—,BYE,13.0,0.0,0.0,0.0,3.1,1.9,0.0,0.0,—,2.0,18.0
444,Kameron Johnson   TB,WR,16,0.0,0.0,0.0,0.0,0.2,16.4,0.0,0.0,BYE,1.1,0.0,0.0,0.0,0.0,0.0,0.0,0.0,1.1,17.7
445,Johnny Mundt   JAC,TE,15,0.0,0.0,1.7,0.0,1.7,2.4,1.9,BYE,0.0,3.1,4.5,2.2,0.0,—,0.0,0.0,0.0,1.2,17.5
446,Mason Rudolph   PIT,QB,5,—,0.5,—,—,BYE,0.0,—,—,—,—,9.0,8.5,-1.0,—,—,—,—,3.4,17.0
446,Ben Sauls   NYG,K,2,—,—,—,—,—,—,—,—,—,—,—,—,—,BYE,—,7.0,10.0,8.5,17.0
448,Ben Skowronek   PIT,WR,15,9.2,0.0,0.0,0.0,BYE,0.0,0.0,2.3,0.0,0.0,0.0,3.1,0.0,2.3,0.0,0.0,—,1.1,16.9
449,Nate Adkins   DEN,TE,8,—,—,0.0,2.5,0.0,10.3,4.0,0.0,—,—,—,BYE,—,—,0.0,0.0,—,2.1,16.8
450,Jack Stoll   NO,TE,15,0.0,0.0,10.1,1.7,0.0,0.0,0.0,0.0,0.0,—,BYE,1.7,0.0,0.0,1.7,1.4,0.0,1.1,16.6
451,Raheim Sanders   CLE,RB,4,6.3,—,—,—,—,—,—,—,BYE,—,—,0.0,—,—,—,5.6,4.1,4.0,16.0
452,Andrew Beck   NYJ,TE,16,0.0,0.0,0.0,0.0,7.1,1.6,0.0,1.9,BYE,0.0,0.0,2.0,0.0,2.7,0.5,0.0,0.0,1.0,15.8
452,Gabe Davis   BUF,WR,5,—,—,—,—,—,—,BYE,—,—,—,7.0,3.2,1.5,4.1,—,—,0.0,3.2,15.8
454,Adam Prentice   DEN,RB,16,1.4,0.0,0.0,0.4,0.8,0.3,0.0,0.0,0.2,2.3,2.4,BYE,2.4,5.3,-0.1,0.0,0.3,1.0,15.7
454,Tyler Conklin   LAC,TE,9,7.2,0.0,0.0,1.3,5.0,0.0,—,0.0,—,2.2,—,BYE,0.0,—,—,—,—,1.7,15.7
456,Gunner Olszewski   NYG,WR,15,0.0,0.0,0.0,0.0,0.0,0.0,0.0,0.0,9.4,0.0,0.0,5.3,-2.0,BYE,—,0.0,2.9,1.0,15.6
457,Casey Washington   ATL,WR,7,6.3,—,—,2.9,BYE,0.0,2.7,3.5,—,0.0,0.0,—,—,—,—,—,—,2.2,15.4
458,Braelon Allen   NYJ,RB,4,6.9,1.1,6.7,0.6,—,—,—,—,BYE,—,—,—,—,—,—,—,—,3.8,15.3
459,Terrell Jennings   NE,RB,6,—,—,—,—,—,—,1.8,1.5,11.4,0.5,—,0.0,0.0,BYE,—,—,—,2.5,15.2
460,Jahdae Walker   CHI,WR,6,—,—,—,0.0,BYE,—,—,0.0,0.0,—,—,—,—,0.0,—,10.1,5.0,2.5,15.1
461,Jude McAtamney   NYG,K,4,—,—,—,7.0,2.0,4.0,2.0,—,—,—,—,—,—,BYE,—,—,—,3.8,15.0
462,Skyy Moore   SF,WR,16,0.0,0.0,2.0,0.0,0.1,0.0,2.5,0.0,3.1,2.8,0.0,0.0,0.0,BYE,0.0,3.3,1.0,0.9,14.8
463,Malik Heath   ATL,WR,11,0.0,4.7,0.0,1.9,BYE,0.0,0.0,5.9,2.1,0.0,—,0.0,0.0,—,—,—,—,1.3,14.6
464,Tylan Wallace   BAL,WR,13,0.0,10.5,0.0,2.4,0.0,0.0,BYE,1.6,0.0,0.0,0.0,0.0,—,0.0,0.0,—,—,1.1,14.5
465,Will Shipley   PHI,RB,14,2.6,—,—,0.0,1.4,0.0,1.7,0.2,BYE,5.4,0.0,0.0,2.1,1.3,0.0,-0.7,0.2,1.0,14.2
466,Trayveon Williams   CLE,RB,6,—,—,—,—,—,—,—,—,BYE,0.0,0.9,—,—,0.0,2.7,9.5,1.0,2.4,14.1
467,Ray-Ray McCloud III   NYG,WR,6,8.1,0.0,4.0,0.3,—,—,—,—,1.5,0.0,—,—,—,BYE,—,—,—,2.3,13.9
468,Xavier Weaver   ARI,WR,8,—,—,—,0.0,—,—,0.0,BYE,0.0,—,3.5,1.9,0.0,—,—,3.9,4.4,1.7,13.7
469,Shedrick Jackson   LV,WR,4,—,—,—,—,—,—,0.0,BYE,—,—,—,—,—,9.5,0.0,—,4.0,3.4,13.5
470,Noah Brown   WAS,WR,4,4.7,1.9,—,—,—,—,—,—,—,—,—,BYE,—,2.9,3.8,—,—,3.3,13.3
470,Arian Smith   NYJ,WR,15,0.0,0.8,2.2,0.0,2.4,0.0,1.0,3.3,BYE,1.3,0.0,0.8,—,0.0,0.0,0.0,1.5,0.9,13.3
472,Josh Whyle   GB,TE,7,—,—,—,—,BYE,—,—,—,—,0.0,7.2,1.1,0.0,3.1,0.0,—,1.8,1.9,13.2
473,Austin Ekeler   WAS,RB,3,8.7,4.4,—,—,—,—,—,—,0.0,—,—,BYE,—,—,—,—,—,4.4,13.1
474,Michael Bandy   DEN,WR,4,—,—,—,—,—,—,—,—,0.6,0.0,—,BYE,—,—,9.0,—,3.4,3.3,13.0
475,Foster Moreau   NO,TE,11,—,—,—,—,0.0,1.9,0.0,0.0,0.0,3.6,BYE,0.0,3.3,2.6,0.0,1.5,—,1.2,12.9
475,Chris Oladokun   KC,QB,2,—,—,—,—,—,—,—,—,—,BYE,—,—,—,—,—,5.1,7.7,6.4,12.9
477,Charlie Woerner   ATL,TE,16,0.0,0.0,0.5,0.0,BYE,0.0,0.0,0.0,0.0,2.4,0.0,5.4,0.0,0.0,3.2,1.3,0.0,0.8,12.8
477,Alec Ingold   MIA,RB,16,1.1,3.3,0.0,0.0,0.0,3.5,0.0,1.0,0.0,0.6,0.0,BYE,0.0,0.0,1.4,1.9,0.0,0.8,12.8
479,Drew Ogletree   IND,TE,15,0.0,0.0,0.0,0.0,0.0,0.0,0.0,0.0,0.0,0.0,BYE,8.8,1.8,0.0,0.0,2.1,—,0.8,12.7
480,Grant Calcaterra   PHI,TE,14,0.0,1.6,0.0,2.6,3.8,—,—,0.0,BYE,0.0,0.0,1.8,0.0,0.0,1.4,0.0,1.3,0.9,12.5
481,Gage Larvadain   CLE,WR,12,—,—,—,—,0.0,4.2,0.0,0.3,BYE,0.0,0.0,0.0,2.3,3.8,1.8,0.0,0.0,1.0,12.4
482,Scotty Miller   PIT,WR,12,0.0,0.0,0.0,0.0,BYE,0.0,1.9,—,—,—,0.0,0.0,—,0.0,0.0,4.9,5.5,1.0,12.3
483,Stone Smartt   NYJ,TE,8,—,—,—,0.0,—,0.0,—,—,BYE,0.0,—,—,0.0,0.0,0.0,8.4,3.8,1.5,12.2
484,Efton Chism III   NE,WR,7,—,—,—,—,—,0.0,0.0,—,0.0,0.0,0.0,—,0.0,BYE,—,—,12.0,1.7,12.0
485,Darius Cooper   PHI,WR,12,0.0,0.0,0.0,—,—,—,—,0.0,BYE,0.0,0.0,2.7,0.0,2.9,4.9,0.0,1.4,1.0,11.9
486,KeAndre Lambert-Smith   LAC,WR,9,0.0,0.0,—,0.0,0.0,1.1,—,—,0.0,—,—,BYE,—,—,8.6,2.0,0.0,1.3,11.7
486,Trevor Etienne   CAR,RB,16,0.4,1.2,-2.0,3.3,3.9,1.7,0.0,1.6,0.0,0.0,0.2,0.0,1.4,BYE,0.0,0.0,0.0,0.7,11.7
488,Najee Harris   LAC,RB,3,2.0,6.8,2.8,—,—,—,—,—,—,—,—,BYE,—,—,—,—,—,3.9,11.6
489,Ryan Miller   NYG,WR,13,0.0,9.0,0.0,0.0,0.0,0.0,2.4,0.0,—,0.0,0.0,0.0,0.0,0.0,—,—,—,0.9,11.4
490,Dylan Drummond   ATL,WR,8,—,—,—,—,BYE,—,—,0.0,0.0,—,—,4.8,1.3,5.1,0.0,0.0,0.0,1.4,11.2
491,Anthony Firkser   DET,TE,6,—,—,—,—,—,—,—,BYE,—,—,—,0.0,1.4,1.7,0.0,8.0,0.0,1.8,11.1
492,James Proche II   TEN,WR,8,—,—,—,—,—,—,—,0.0,0.0,BYE,—,7.2,2.3,0.0,0.0,0.0,1.5,1.4,11.0
493,David Martin-Robinson   TEN,TE,14,0.0,—,0.0,—,0.0,7.1,0.0,0.0,0.0,BYE,0.0,0.0,0.0,1.6,0.0,0.0,1.9,0.8,10.6
494,Andy Dalton   CAR,QB,4,—,—,-0.1,6.3,—,—,2.2,2.1,—,—,—,—,—,BYE,—,—,—,2.6,10.5
495,Riley Leonard   IND,QB,4,—,—,—,—,—,—,—,0.1,—,—,BYE,—,—,11.3,—,0.0,-1.0,2.6,10.4
496,Robbie Chosen   WAS,WR,3,—,—,—,—,—,—,7.6,—,—,2.7,0.0,BYE,—,—,—,—,—,3.4,10.3
497,Quintin Morris   JAC,TE,12,—,0.0,—,0.0,0.0,0.0,—,BYE,—,0.0,2.1,0.0,2.4,0.0,4.0,1.5,0.0,0.8,10.0
498,Hassan Haskins   LAC,RB,12,0.0,0.0,0.0,0.0,2.5,3.3,2.5,—,0.0,0.0,—,BYE,—,0.0,—,1.4,0.0,0.8,9.7
498,Braxton Berrios   HOU,WR,4,—,—,—,—,—,BYE,0.9,8.8,0.0,0.0,—,—,—,—,—,—,—,2.4,9.7
498,Kenny Pickett   LV,QB,5,—,—,—,—,—,—,-1.7,BYE,—,0.0,—,—,—,8.5,2.3,—,0.6,1.9,9.7
498,Brittain Brown   CHI,RB,2,—,—,—,—,BYE,—,—,—,9.7,—,—,—,—,—,0.0,—,—,4.9,9.7
502,Josh Johnson   WAS,QB,4,—,—,—,—,—,—,—,—,—,0.0,0.0,BYE,—,—,—,0.7,8.9,2.4,9.6
503,Cedrick Wilson Jr.   MIA,WR,9,—,—,—,—,—,—,—,1.2,1.7,0.0,0.0,BYE,2.6,0.0,0.0,2.1,1.8,1.0,9.4
504,Kene Nwangwu   NYJ,RB,9,0.0,—,—,—,—,0.0,0.0,—,BYE,6.0,0.0,0.0,—,0.0,—,0.0,3.1,1.0,9.1
505,Kaleb Johnson   PIT,RB,10,-0.2,0.1,—,2.2,BYE,1.5,—,—,2.3,0.3,1.5,—,0.3,0.4,0.4,—,—,0.9,8.8
506,Dante Pettis   NO,WR,7,—,—,—,—,—,—,—,—,—,0.0,BYE,2.4,0.0,0.0,0.0,0.0,6.3,1.2,8.7
507,Albert Okwuegbunam Jr.   LV,TE,1,—,—,—,—,8.6,—,—,BYE,—,—,—,—,—,—,—,—,—,8.6,8.6
508,Jalin Hyatt   NYG,WR,8,—,—,0.0,0.0,0.0,4.7,0.0,—,0.0,—,3.8,—,—,BYE,0.0,—,—,1.1,8.5
509,Dee Eskridge   MIA,WR,13,1.9,1.8,0.0,0.0,0.0,0.0,4.5,0.0,0.0,—,—,BYE,0.0,0.0,0.0,0.0,—,0.6,8.2
510,Jaydon Blue   DAL,RB,4,—,—,—,—,0.7,0.0,4.4,2.9,—,BYE,—,—,—,—,—,—,—,2.0,8.0
511,Max Brosmer   MIN,QB,6,—,—,1.2,—,-0.1,BYE,—,0.5,—,—,—,—,0.9,—,—,1.8,3.6,1.3,7.9
511,C.J. Ham   MIN,RB,10,—,—,—,—,0.0,BYE,1.5,—,—,0.0,0.0,0.0,0.0,0.0,6.1,0.3,0.0,0.8,7.9
513,AJ Dillon   PHI,RB,6,1.0,1.9,0.0,1.7,1.2,2.0,—,—,BYE,—,—,—,—,—,—,—,—,1.3,7.8
514,Zamir White   LV,RB,4,0.8,3.3,3.3,—,—,—,—,BYE,—,—,—,—,—,—,—,—,0.2,1.9,7.6
514,Devin Culp   TB,TE,11,—,—,—,0.0,0.0,0.0,0.0,0.0,BYE,0.0,0.0,0.0,0.0,0.0,7.6,—,—,0.7,7.6
514,Austin Trammell   JAC,WR,6,—,—,—,—,—,—,—,BYE,0.0,5.3,2.3,0.0,0.0,0.0,—,—,—,1.3,7.6
514,Tom Kennedy   DET,WR,5,—,—,—,—,—,—,—,BYE,—,—,—,—,7.6,0.0,0.0,0.0,0.0,1.5,7.6
518,Brenden Bates   CLE,TE,8,—,—,—,0.0,4.3,—,0.0,—,BYE,—,0.0,0.0,—,—,0.0,0.0,2.9,0.9,7.2
518,Cam Akers   SEA,RB,3,—,—,1.9,—,5.3,—,—,BYE,—,—,—,—,—,—,—,—,0.0,2.4,7.2
520,Xavier Restrepo   TEN,WR,2,—,—,—,—,—,—,—,—,—,BYE,—,4.6,2.5,—,—,—,—,3.6,7.1
521,Mason Kinsey   TEN,WR,9,—,—,—,—,—,—,0.0,0.0,0.0,BYE,2.4,0.0,—,0.0,0.0,0.0,4.4,0.8,6.8
521,Dareke Young   SEA,WR,8,—,0.0,2.2,0.0,4.6,0.0,0.0,BYE,—,—,—,—,—,—,—,0.0,0.0,0.9,6.8
523,DJ Giddens   IND,RB,8,4.1,0.0,0.3,0.0,2.2,0.0,0.0,—,—,—,BYE,—,—,—,—,—,0.0,0.8,6.6
524,Durham Smythe   CHI,TE,16,0.0,0.0,0.0,0.0,BYE,0.0,0.0,0.0,0.0,0.0,1.8,1.4,0.0,1.2,0.0,0.0,2.1,0.4,6.5
525,Tahj Brooks   CIN,RB,12,0.0,0.0,1.7,0.0,—,—,0.0,0.0,0.1,BYE,0.5,0.5,—,—,0.0,0.7,2.9,0.5,6.4
526,Deven Thompkins   ATL,WR,6,—,—,—,—,BYE,0.0,—,—,—,—,—,—,4.8,1.4,0.0,0.0,0.0,1.0,6.2
527,Jalen Brooks   ARI,WR,5,—,—,—,—,0.0,—,—,BYE,—,—,—,—,—,5.2,0.9,0.0,0.0,1.2,6.1
527,Eric Saubert   SEA,TE,10,0.0,0.0,2.2,0.0,0.0,0.0,0.0,BYE,—,—,—,—,—,—,1.9,2.0,0.0,0.6,6.1
527,KhaDarel Hodge   ATL,WR,11,0.0,0.0,0.0,—,BYE,0.0,0.0,6.1,0.0,0.0,0.0,0.0,—,—,0.0,—,—,0.6,6.1
527,Joe Milton III   DAL,QB,3,—,—,0.6,—,—,—,—,6.3,—,BYE,—,—,—,—,—,-0.9,—,2.0,6.1
531,Justin Watson   HOU,WR,2,4.7,1.3,—,—,—,BYE,—,—,—,—,—,—,—,—,—,—,—,3.0,6.0
531,Charlie Jones   CIN,WR,14,0.0,0.0,0.0,0.0,0.0,0.0,0.0,0.0,6.0,BYE,0.0,0.0,0.0,0.0,0.0,—,—,0.4,6.0
533,James Mitchell   CAR,TE,4,—,—,—,3.7,2.1,0.0,—,—,—,—,—,—,0.0,BYE,—,—,—,1.5,5.8
534,Cooper Rush   BAL,QB,4,—,-0.4,—,2.1,4.2,-0.1,BYE,—,—,—,—,—,—,—,—,—,—,1.4,5.7
534,Dylan Laube   LV,RB,16,0.0,3.7,0.2,0.0,0.0,0.0,1.4,BYE,0.0,0.0,0.0,0.0,0.0,0.0,0.4,0.0,0.0,0.4,5.7
536,Tai Felton   MIN,WR,13,0.0,—,1.9,0.0,0.0,BYE,0.0,0.0,0.0,—,0.0,0.0,0.0,2.0,0.0,1.6,—,0.4,5.5
537,Evan Hull   NO,RB,5,—,—,—,—,—,—,—,—,—,—,BYE,—,1.5,2.0,1.2,0.3,0.3,1.1,5.3
538,Trey Lance   LAC,QB,3,—,—,—,—,2.9,—,—,—,—,—,1.6,BYE,0.8,—,—,—,—,1.7,5.2
539,Trent Sherfield Sr.   ARI,WR,12,1.3,1.3,0.0,0.0,2.5,0.0,0.0,0.0,0.0,0.0,—,—,—,0.0,0.0,—,—,0.4,5.1
540,Shane Zylstra   DET,TE,4,0.0,—,—,—,—,—,—,BYE,—,—,—,—,—,—,0.0,5.0,0.0,1.3,5.0
541,Tyler Goodson   IND,RB,10,—,—,0.6,1.0,—,—,—,0.2,1.8,0.4,BYE,0.0,0.0,0.0,0.0,0.9,—,0.5,4.9
542,Tip Reiman   ARI,TE,5,2.0,0.0,2.8,0.0,0.0,—,—,BYE,—,—,—,—,—,—,—,—,—,1.0,4.8
543,Devin Duvernay   CHI,WR,16,0.0,0.0,0.0,0.0,BYE,0.0,0.0,1.2,0.0,0.0,0.0,0.0,0.0,3.4,0.0,0.0,0.0,0.3,4.6
543,Ronnie Rivers   LAR,RB,6,—,—,—,—,—,—,0.0,BYE,—,—,—,—,0.0,4.1,0.0,0.0,0.5,0.8,4.6
543,Jordan Watkins   SF,WR,5,—,—,—,—,—,—,—,1.7,2.9,0.0,—,—,—,BYE,0.0,0.0,—,0.9,4.6
546,Corey Kiner   ARI,RB,3,—,—,—,—,—,—,—,BYE,—,—,—,—,—,—,1.1,3.2,0.2,1.5,4.5
546,Beaux Collins   NYG,WR,9,0.0,0.0,0.0,0.0,1.7,0.0,0.0,2.8,0.0,—,—,—,—,BYE,—,—,—,0.5,4.5
548,Tay Martin   WAS,WR,3,—,—,—,2.4,1.9,0.0,—,—,—,—,—,BYE,—,—,—,—,—,1.4,4.3
549,Nikko Remigio   KC,WR,14,0.0,3.1,1.1,0.0,0.0,0.0,0.0,0.0,0.0,BYE,0.0,0.0,0.0,—,0.0,0.0,—,0.3,4.2
549,Clyde Edwards-Helaire   KC,RB,2,—,—,—,—,—,—,—,—,0.5,BYE,—,3.7,—,—,—,—,—,2.1,4.2
551,Julius Chestnut   TEN,RB,16,0.2,0.0,2.6,0.0,0.3,0.0,0.0,0.5,0.0,BYE,0.0,0.3,0.0,0.0,0.0,0.1,0.0,0.3,4.0
551,Kylen Granson   PHI,TE,16,1.1,1.5,0.0,0.0,0.0,0.0,0.0,0.0,BYE,0.0,1.4,0.0,0.0,0.0,0.0,0.0,0.0,0.3,4.0
551,Jake Bobo   SEA,WR,10,—,0.0,0.0,2.7,0.0,0.0,1.3,BYE,—,—,—,0.0,—,0.0,0.0,—,0.0,0.4,4.0
551,Nathan Carter   ATL,RB,3,—,0.0,2.6,—,BYE,—,—,1.4,—,—,—,—,—,—,—,—,—,1.3,4.0
551,Jared Wayne   HOU,WR,1,—,—,—,—,—,BYE,—,4.0,—,—,—,—,—,—,—,—,—,4.0,4.0
556,Tucker Fisk   LAC,TE,10,—,—,0.0,0.0,0.0,0.0,0.0,0.0,2.2,1.7,0.0,BYE,0.0,—,—,—,—,0.4,3.9
557,Colson Yankoff   WAS,TE,13,0.0,0.0,0.0,0.0,0.0,0.0,0.0,—,—,0.0,1.4,BYE,2.4,0.0,0.0,—,0.0,0.3,3.8
558,Zaire Mitchell-Paden   NO,TE,8,0.0,0.0,0.0,0.0,1.3,0.0,—,—,—,2.4,BYE,0.0,—,—,—,—,—,0.5,3.7
559,Lucas Krull   DEN,TE,4,1.6,0.0,1.9,—,—,—,—,0.0,—,—,—,BYE,—,—,—,—,—,0.9,3.5
559,Jonathan Mingo   DAL,WR,5,—,—,—,—,—,—,—,—,—,BYE,—,0.0,—,0.0,3.5,0.0,0.0,0.7,3.5
561,Velus Jones Jr.   SEA,WR,6,0.0,—,0.0,0.0,0.0,—,—,BYE,—,—,—,—,—,3.2,0.0,—,—,0.5,3.2
561,Alex Bachman   LV,WR,12,0.0,0.0,0.0,—,1.9,0.0,0.0,BYE,0.0,0.0,—,0.0,0.0,—,—,1.3,0.0,0.3,3.2
561,Ben Sims   MIN,TE,8,—,—,—,—,—,0.0,—,—,—,0.0,—,0.0,0.0,1.9,0.0,0.0,1.3,0.4,3.2
564,Sal Cannella   CLE,TE,1,—,—,—,—,—,—,—,—,BYE,—,—,—,—,—,—,—,3.1,3.1,3.1
565,Moliki Matavao   NO,TE,5,0.0,0.0,—,0.0,—,—,—,—,—,—,BYE,—,—,—,—,0.0,3.0,0.6,3.0
566,Teddy Bridgewater   TB,QB,4,—,—,—,—,—,—,-0.1,0.0,BYE,—,-0.1,3.1,—,—,—,—,—,0.7,2.9
567,Andre Baccellia   ARI,WR,5,—,—,—,—,—,—,—,BYE,—,—,1.5,0.0,0.0,1.3,0.0,—,—,0.6,2.8
568,David Moore   CAR,WR,4,0.0,0.0,1.5,1.2,—,—,—,—,—,—,—,—,—,BYE,—,—,—,0.7,2.7
568,Harrison Bryant   HOU,TE,11,—,0.0,0.0,0.0,1.5,BYE,0.0,0.0,1.2,0.0,—,—,—,—,0.0,0.0,0.0,0.2,2.7
568,Ross Dwelley   DET,TE,10,—,—,0.0,0.0,0.0,0.0,0.0,BYE,—,0.0,0.0,0.0,1.3,1.4,—,—,—,0.3,2.7
568,Cam Grandy   CIN,TE,5,—,—,1.6,0.0,—,—,0.0,—,—,BYE,—,—,—,—,0.0,1.1,—,0.5,2.7
572,Dameon Pierce   KC,RB,4,0.5,—,—,—,2.1,—,—,0.0,—,0.0,—,—,—,—,—,—,—,0.7,2.6
572,Anthony Gould   IND,WR,11,0.0,0.0,0.0,0.0,0.0,0.0,1.3,0.0,—,—,BYE,0.0,0.0,1.3,—,—,—,0.2,2.6
572,Will Mallory   IND,TE,2,—,—,—,—,0.0,—,—,—,—,—,BYE,—,—,—,—,—,2.6,1.3,2.6
572,Tyson Bagent   CHI,QB,3,—,1.8,—,—,BYE,—,—,—,0.8,—,0.0,—,—,—,—,—,—,0.9,2.6
576,Tim Jones   JAC,WR,4,0.0,0.0,—,—,—,—,—,BYE,2.5,0.0,—,—,—,—,—,—,—,0.6,2.5
577,Blake Whiteheart   CLE,TE,15,0.0,0.0,0.0,0.0,0.0,1.0,1.4,0.0,BYE,0.0,—,0.0,0.0,0.0,0.0,0.0,0.0,0.2,2.4
577,Ty Chandler   MIN,RB,2,0.0,—,—,—,—,BYE,—,—,—,—,—,—,—,—,—,—,2.4,1.2,2.4
579,Mitchell Trubisky   BUF,QB,3,—,1.0,—,—,—,—,BYE,0.9,—,0.4,—,—,—,—,—,—,—,0.8,2.3
580,Anthony Richardson Sr.   IND,QB,2,—,—,-0.1,—,2.3,—,—,—,—,—,BYE,—,—,—,—,—,—,1.1,2.2
581,Payne Durham   TB,TE,16,0.0,0.0,0.0,0.0,0.0,0.0,0.0,0.0,BYE,0.0,0.0,0.0,2.1,0.0,0.0,0.0,0.0,0.1,2.1
581,DeeJay Dallas   JAC,RB,4,—,—,—,—,0.0,0.0,—,BYE,—,—,—,—,—,—,—,0.0,2.1,0.5,2.1
581,Pharaoh Brown   ARI,TE,6,—,—,—,—,—,—,—,BYE,—,—,0.0,0.0,0.0,0.0,2.1,0.0,—,0.4,2.1
584,Jacardia Wright   SEA,RB,1,—,—,2.0,—,—,—,—,BYE,—,—,—,—,—,—,—,—,—,2.0,2.0
585,Tanner McKee   PHI,QB,3,—,—,—,—,—,—,—,-0.2,BYE,—,—,—,—,—,2.2,-0.2,—,0.6,1.8
585,Bryce Oliver   TEN,WR,2,1.8,0.0,—,—,—,—,—,—,—,BYE,—,—,—,—,—,—,—,0.9,1.8
587,Roschon Johnson   CHI,RB,6,—,0.0,0.0,0.0,BYE,0.6,1.1,—,—,—,0.0,—,—,—,—,—,—,0.3,1.7
587,Chris Manhertz   NYG,TE,16,0.0,0.0,1.7,0.0,0.0,0.0,0.0,0.0,0.0,0.0,0.0,0.0,0.0,BYE,0.0,0.0,0.0,0.1,1.7
589,Josiah Deguara   ARI,TE,11,—,0.0,—,—,—,—,0.0,BYE,0.0,0.0,0.0,1.6,0.0,0.0,0.0,0.0,0.0,0.1,1.6
590,Ben Yurosek   MIN,TE,11,0.0,0.0,0.0,—,—,BYE,0.0,1.5,0.0,0.0,0.0,—,—,—,0.0,0.0,0.0,0.1,1.5
590,British Brooks   HOU,RB,12,—,—,—,0.0,1.5,BYE,0.0,0.0,0.0,0.0,—,0.0,0.0,0.0,0.0,0.0,0.0,0.1,1.5
592,Jelani Woods   NYJ,TE,5,—,0.0,—,—,—,—,—,0.0,BYE,—,—,—,—,—,0.0,0.0,1.4,0.3,1.4
592,Keleki Latu   BUF,TE,4,—,—,—,—,—,—,BYE,—,—,—,1.4,0.0,0.0,—,—,—,0.0,0.4,1.4
592,Jared Wiley   KC,TE,3,—,—,—,—,—,—,—,—,—,BYE,—,—,1.4,—,—,0.0,0.0,0.5,1.4
592,Zach Wilson   MIA,QB,3,1.6,—,—,—,—,—,—,0.0,—,—,—,BYE,—,-0.2,—,—,—,0.5,1.4
596,Carter Runyon   LV,TE,10,—,—,—,—,0.0,0.0,1.3,BYE,0.0,—,0.0,0.0,0.0,0.0,—,0.0,0.0,0.1,1.3
597,Reggie Gilliam   BUF,RB,16,0.0,0.0,0.0,0.0,0.0,0.0,BYE,0.0,0.0,0.0,0.0,1.2,0.0,0.0,0.0,0.0,0.0,0.1,1.2
597,D'Ernest Johnson   NE,RB,5,—,—,—,—,—,—,0.0,—,—,0.1,0.6,—,—,BYE,—,0.0,0.5,0.2,1.2
597,Joshua Dobbs   NE,QB,3,—,—,—,-0.2,—,—,0.3,—,—,—,—,—,—,BYE,—,—,1.1,0.4,1.2
600,Robert Tonyan   KC,TE,15,0.0,0.0,0.0,0.0,0.0,0.0,0.0,0.0,0.0,BYE,1.1,0.0,0.0,0.0,0.0,0.0,—,0.1,1.1
600,Jacob Saylors   DET,RB,11,0.0,0.0,0.0,1.1,0.0,—,0.0,BYE,0.0,—,0.0,0.0,—,0.0,—,0.0,—,0.1,1.1
600,Josh Williams   TB,RB,2,—,—,—,—,0.0,—,—,1.1,BYE,—,—,—,—,—,—,—,—,0.6,1.1
603,Khalil Herbert   NYJ,RB,4,—,—,—,—,0.0,—,—,—,BYE,—,—,—,—,0.0,0.5,—,0.5,0.3,1.0
604,Amar Johnson   LAC,RB,1,—,—,—,—,—,—,—,—,—,—,0.8,BYE,—,—,—,—,—,0.8,0.8
605,Kalel Mullings   TEN,RB,5,—,—,—,—,—,—,—,—,—,BYE,—,0.0,0.0,—,0.3,0.0,0.4,0.1,0.7
605,Gardner Minshew II   KC,QB,4,—,—,—,-0.3,—,—,-0.3,—,—,BYE,—,—,—,—,-0.1,1.4,—,0.2,0.7
607,Owen Wright   TB,RB,3,—,—,—,—,—,0.0,—,—,BYE,—,0.0,0.6,—,—,—,—,—,0.2,0.6
607,Myles Gaskin   SEA,RB,1,—,—,—,—,—,—,—,BYE,—,—,—,—,0.6,—,—,—,—,0.6,0.6
609,Craig Reynolds   NE,RB,6,0.0,0.4,—,0.0,0.0,0.0,—,—,—,0.0,—,—,—,BYE,—,—,—,0.1,0.4
609,Feleipe Franks   ATL,QB,11,0.0,—,—,0.0,BYE,0.2,—,0.0,0.0,0.0,0.0,0.2,0.0,0.0,—,0.0,—,0.0,0.4
609,Sione Vaki   DET,RB,7,—,—,0.0,—,—,—,—,BYE,0.0,0.4,—,—,0.0,0.0,0.0,—,0.0,0.1,0.4
612,Patrick Ricard   BAL,RB,11,—,—,—,—,—,0.0,BYE,0.0,0.0,0.3,0.0,0.0,0.0,0.0,0.0,0.0,0.0,0.0,0.3
613,Kendall Milton   CIN,RB,1,—,—,—,—,—,—,—,—,—,BYE,0.2,—,—,—,—,—,—,0.2,0.2
614,Tahj Washington   MIA,WR,5,—,—,—,—,0.0,—,—,—,0.1,0.0,0.0,BYE,—,—,—,—,0.0,0.0,0.1
614,Malik Cunningham   DET,QB,1,—,—,—,—,—,—,—,BYE,—,—,—,—,—,0.1,—,—,—,0.1,0.1
614,Drew Lock   SEA,QB,5,—,—,0.5,—,—,—,—,BYE,0.0,-0.4,—,—,0.0,0.0,—,—,—,0.0,0.1
617,Teagan Quitoriano   ATL,TE,14,0.0,0.0,0.0,0.0,BYE,0.0,—,0.0,—,0.0,0.0,0.0,0.0,0.0,0.0,0.0,0.0,0.0,0.0
617,Justin Shorter   LV,WR,5,0.0,—,0.0,0.0,—,0.0,0.0,BYE,—,—,—,—,—,—,—,—,—,0.0,0.0
617,Jakob Johnson   HOU,RB,7,0.0,0.0,0.0,—,—,BYE,—,—,—,—,0.0,0.0,0.0,0.0,—,—,—,0.0,0.0
617,Travis Vokolek   ARI,TE,3,0.0,0.0,—,—,0.0,—,—,BYE,—,—,—,—,—,—,—,—,—,0.0,0.0
617,Jeremiah Webb   NE,WR,1,0.0,—,—,—,—,—,—,—,—,—,—,—,—,BYE,—,—,—,0.0,0.0
617,Jack Westover   NE,TE,16,0.0,0.0,0.0,0.0,0.0,0.0,0.0,0.0,0.0,0.0,0.0,0.0,0.0,BYE,0.0,0.0,0.0,0.0,0.0
617,Russell Gage Jr.   SF,WR,1,0.0,—,—,—,—,—,—,—,—,—,—,—,—,BYE,—,—,—,0.0,0.0
617,Patrick Murtagh   DEN,TE,1,0.0,—,—,—,—,—,—,—,—,—,—,BYE,—,—,—,—,—,0.0,0.0
617,Jeff Wilson Jr.   MIA,RB,1,0.0,—,—,—,—,—,—,—,—,—,—,BYE,—,—,—,—,—,0.0,0.0
617,DeAndre Carter   CLE,WR,5,0.0,0.0,0.0,0.0,—,—,—,—,BYE,—,—,0.0,—,—,—,—,—,0.0,0.0
617,Brady Russell   SEA,TE,15,0.0,0.0,0.0,0.0,0.0,0.0,0.0,BYE,0.0,0.0,0.0,0.0,0.0,0.0,0.0,0.0,—,0.0,0.0
617,Isaac Guerendo   SF,RB,8,0.0,0.0,0.0,—,0.0,—,0.0,—,0.0,—,0.0,—,0.0,BYE,—,—,—,0.0,0.0
617,Jason Brownlee   KC,WR,5,0.0,0.0,0.0,—,0.0,0.0,—,—,—,BYE,—,—,—,—,—,—,—,0.0,0.0
617,Ulysses Bentley IV   IND,RB,1,0.0,—,—,—,—,—,—,—,—,—,BYE,—,—,—,—,—,—,0.0,0.0
617,Ko Kieft   TB,TE,3,0.0,0.0,0.0,—,—,—,—,—,BYE,—,—,—,—,—,—,—,—,0.0,0.0
617,Robbie Ouzts   SEA,TE,11,0.0,0.0,0.0,—,—,—,—,BYE,0.0,0.0,0.0,0.0,0.0,0.0,—,0.0,0.0,0.0,0.0
617,Cameron Latu   PHI,TE,14,—,0.0,0.0,0.0,0.0,0.0,0.0,0.0,BYE,0.0,0.0,0.0,0.0,0.0,0.0,—,0.0,0.0,0.0
617,Jordan Mims   TEN,RB,1,—,0.0,—,—,—,—,—,—,—,BYE,—,—,—,—,—,—,—,0.0,0.0
617,Brayden Willis   SF,TE,6,—,0.0,0.0,0.0,0.0,0.0,—,—,—,—,—,—,—,BYE,—,—,0.0,0.0,0.0
617,James Winchester   KC,TE,3,—,0.0,0.0,—,—,—,—,—,—,BYE,—,—,—,—,—,0.0,—,0.0,0.0
617,Logan Woodside   ARI,QB,3,—,0.0,0.0,0.0,—,—,—,BYE,—,—,—,—,—,—,—,—,—,0.0,0.0
617,Dominic Lovett   DET,WR,8,—,0.0,0.0,0.0,0.0,0.0,—,BYE,—,0.0,0.0,—,—,0.0,—,—,—,0.0,0.0
617,Treyton Welch   NO,TE,2,—,—,0.0,—,—,—,—,—,—,—,BYE,—,—,—,—,—,0.0,0.0,0.0
617,Xazavian Valladay   MIN,RB,1,—,—,0.0,—,—,BYE,—,—,—,—,—,—,—,—,—,—,—,0.0,0.0
617,Dalevon Campbell   LAC,WR,2,—,—,0.0,0.0,—,—,—,—,—,—,—,BYE,—,—,—,—,—,0.0,0.0
617,Sincere McCormick   DEN,RB,1,—,—,0.0,—,—,—,—,—,—,—,—,BYE,—,—,—,—,—,0.0,0.0
617,Simi Fehoko   ARI,WR,7,—,—,0.0,0.0,0.0,0.0,0.0,BYE,0.0,0.0,—,—,—,—,—,—,—,0.0,0.0
617,Malik Turner   SF,WR,3,—,—,0.0,—,0.0,—,0.0,—,—,—,—,—,—,BYE,—,—,—,0.0,0.0
617,Brett Rypien   MIN,QB,1,—,—,0.0,—,—,BYE,—,—,—,—,—,—,—,—,—,—,—,0.0,0.0
617,Kaden Davis   CLE,WR,2,—,—,0.0,—,—,—,—,—,BYE,—,0.0,—,—,—,—,—,—,0.0,0.0
617,Jordan James   SF,RB,2,—,—,0.0,—,—,—,—,—,—,—,—,—,—,BYE,—,0.0,—,0.0,0.0
617,Jalen Moreno-Cropper   DAL,WR,4,—,—,0.0,0.0,0.0,0.0,—,—,—,BYE,—,—,—,—,—,—,—,0.0,0.0
617,Stephen Carlson   CHI,TE,2,—,—,—,0.0,BYE,—,—,0.0,—,—,—,—,—,—,—,—,—,0.0,0.0
617,Jalen Royals   KC,WR,6,—,—,—,0.0,0.0,0.0,0.0,—,—,BYE,—,—,—,—,—,0.0,0.0,0.0,0.0
617,Kenny Yeboah   DET,TE,1,—,—,—,0.0,—,—,—,BYE,—,—,—,—,—,—,—,—,—,0.0,0.0
617,Trey Sermon   PIT,RB,3,—,—,—,0.0,BYE,—,—,—,0.0,0.0,—,—,—,—,—,—,—,0.0,0.0
617,Jackson Meeks   DET,WR,2,—,—,—,0.0,—,—,—,BYE,—,—,0.0,—,—,—,—,—,—,0.0,0.0
617,Nick Vannett   LAR,TE,4,—,—,—,0.0,0.0,—,—,BYE,0.0,—,—,—,—,0.0,—,—,—,0.0,0.0
617,Avery Williams   NYJ,RB,1,—,—,—,—,0.0,—,—,—,BYE,—,—,—,—,—,—,—,—,0.0,0.0
617,Jacob Cowing   SF,WR,1,—,—,—,—,0.0,—,—,—,—,—,—,—,—,BYE,—,—,—,0.0,0.0
617,Ja'Corey Brooks   WAS,WR,1,—,—,—,—,—,0.0,—,—,—,—,—,BYE,—,—,—,—,—,0.0,0.0
617,Lew Nichols III   PIT,RB,2,—,—,—,—,BYE,0.0,—,—,0.0,—,—,—,—,—,—,—,—,0.0,0.0
617,Parris Campbell   DAL,WR,1,—,—,—,—,—,0.0,—,—,—,BYE,—,—,—,—,—,—,—,0.0,0.0
617,Thomas Fidone II   NYG,TE,2,—,—,—,—,—,—,0.0,—,0.0,—,—,—,—,BYE,—,—,—,0.0,0.0
617,Kye Robichaux   DET,RB,1,—,—,—,—,—,—,0.0,BYE,—,—,—,—,—,—,—,—,—,0.0,0.0
617,Laquon Treadwell   IND,WR,8,—,—,—,—,—,—,0.0,—,—,0.0,BYE,0.0,0.0,0.0,0.0,0.0,0.0,0.0,0.0
617,Cade McDonald   CLE,WR,1,—,—,—,—,—,—,0.0,—,BYE,—,—,—,—,—,—,—,—,0.0,0.0
617,E.J. Jenkins   PHI,TE,2,—,—,—,—,—,—,0.0,—,BYE,—,—,—,—,—,—,0.0,—,0.0,0.0
617,Quinton Bell   MIA,WR,4,—,—,—,—,—,—,0.0,—,—,0.0,—,BYE,—,—,—,0.0,0.0,0.0,0.0
617,Eric Gray   NYG,RB,3,—,—,—,—,—,—,0.0,—,—,—,—,0.0,—,BYE,—,—,0.0,0.0,0.0
617,Hayden Rucci   MIA,TE,4,—,—,—,—,—,—,—,0.0,0.0,0.0,0.0,BYE,—,—,—,—,—,0.0,0.0
617,Michael Burton   DEN,RB,1,—,—,—,—,—,—,—,0.0,—,—,—,BYE,—,—,—,—,—,0.0,0.0
617,Brandon Smith   NE,WR,1,—,—,—,—,—,—,—,0.0,—,—,—,—,—,BYE,—,—,—,0.0,0.0
617,Raheem Blackshear   PIT,RB,1,—,—,—,—,BYE,—,—,0.0,—,—,—,—,—,—,—,—,—,0.0,0.0
617,Princeton Fant   DAL,TE,1,—,—,—,—,—,—,—,—,0.0,BYE,—,—,—,—,—,—,—,0.0,0.0
617,Marcedes Lewis   DEN,TE,5,—,—,—,—,—,—,—,—,0.0,0.0,0.0,BYE,—,0.0,—,—,0.0,0.0,0.0
617,Stetson Bennett IV   LAR,QB,1,—,—,—,—,—,—,—,BYE,0.0,—,—,—,—,—,—,—,—,0.0,0.0
617,Nick Kallerup   SEA,TE,9,—,—,—,—,—,—,—,BYE,0.0,0.0,0.0,0.0,0.0,0.0,0.0,0.0,0.0,0.0,0.0
617,Ricky White III   SEA,WR,2,—,—,—,—,—,—,—,BYE,0.0,0.0,—,—,—,—,—,—,—,0.0,0.0
617,Dan Chisena   CAR,WR,1,—,—,—,—,—,—,—,—,—,0.0,—,—,—,BYE,—,—,—,0.0,0.0
617,Dalen Cambre   NYG,WR,5,—,—,—,—,—,—,—,—,—,—,0.0,0.0,0.0,BYE,0.0,—,0.0,0.0,0.0
617,Elijah Mitchell   NE,RB,1,—,—,—,—,—,—,—,—,—,—,0.0,—,—,BYE,—,—,—,0.0,0.0
617,Chase Edmonds   WAS,RB,3,—,—,—,—,—,—,—,—,—,—,0.0,BYE,—,—,0.0,—,0.0,0.0,0.0
617,Nikola Kalinic   CHI,TE,1,—,—,—,—,BYE,—,—,—,—,—,—,0.0,—,—,—,—,—,0.0,0.0
617,Chris Collier   LV,RB,1,—,—,—,—,—,—,—,BYE,—,—,—,0.0,—,—,—,—,—,0.0,0.0
617,Deion Hankins   CHI,RB,1,—,—,—,—,BYE,—,—,—,—,—,—,0.0,—,—,—,—,—,0.0,0.0
617,Gary Brightwell   CIN,RB,2,—,—,—,—,—,—,—,—,—,BYE,—,0.0,0.0,—,—,—,—,0.0,0.0
617,Britain Covey   PHI,WR,5,—,—,—,—,—,—,—,—,BYE,—,—,—,0.0,0.0,0.0,0.0,0.0,0.0,0.0
617,Zach Horton   DET,TE,1,—,—,—,—,—,—,—,BYE,—,—,—,—,0.0,—,—,—,—,0.0,0.0
617,Keilan Robinson   NYJ,RB,1,—,—,—,—,—,—,—,—,BYE,—,—,—,0.0,—,—,—,—,0.0,0.0
617,Jashaun Corbin   NE,RB,1,—,—,—,—,—,—,—,—,—,—,—,—,0.0,BYE,—,—,—,0.0,0.0
617,DJ Turner   LV,WR,1,—,—,—,—,—,—,—,BYE,—,—,—,—,—,0.0,—,—,—,0.0,0.0
617,Alexander Mattison   MIA,RB,2,—,—,—,—,—,—,—,—,—,—,—,BYE,—,0.0,0.0,—,—,0.0,0.0
617,Chandler Brayboy   JAC,WR,1,—,—,—,—,—,—,—,BYE,—,—,—,—,—,—,0.0,—,—,0.0,0.0
617,Jordan Moore   CIN,WR,1,—,—,—,—,—,—,—,—,—,BYE,—,—,—,—,0.0,—,—,0.0,0.0
617,Giovanni Ricci   DET,TE,3,—,—,—,—,—,—,—,BYE,—,—,—,—,—,—,0.0,0.0,0.0,0.0,0.0
617,Chris Blair   ATL,WR,3,—,—,—,—,BYE,—,—,—,—,—,—,—,—,—,0.0,0.0,0.0,0.0,0.0
617,Coleman Owen   IND,WR,2,—,—,—,—,—,—,—,—,—,—,BYE,—,—,—,0.0,0.0,—,0.0,0.0
617,Kristian Wilkerson   TEN,WR,1,—,—,—,—,—,—,—,—,—,BYE,—,—,—,—,0.0,—,—,0.0,0.0
617,Lawrence Cager   WAS,WR,1,—,—,—,—,—,—,—,—,—,—,—,BYE,—,—,—,0.0,—,0.0,0.0
617,Steven Sims Jr.   ARI,WR,2,—,—,—,—,—,—,—,BYE,—,—,—,—,—,—,—,0.0,0.0,0.0,0.0
617,Bryson Green   ARI,WR,1,—,—,—,—,—,—,—,BYE,—,—,—,—,—,—,—,0.0,—,0.0,0.0
617,Maurice Alexander   CHI,WR,1,—,—,—,—,BYE,—,—,—,—,—,—,—,—,—,—,0.0,—,0.0,0.0
617,Keaontay Ingram   KC,RB,1,—,—,—,—,—,—,—,—,—,BYE,—,—,—,—,—,0.0,—,0.0,0.0
617,River Cracraft   WAS,WR,1,—,—,—,—,—,—,—,—,—,—,—,BYE,—,—,—,—,0.0,0.0,0.0
617,Will Grier   DAL,QB,1,—,—,—,—,—,—,—,—,—,BYE,—,—,—,—,—,—,0.0,0.0,0.0
617,Drake Dabney   GB,TE,1,—,—,—,—,BYE,—,—,—,—,—,—,—,—,—,—,—,0.0,0.0,0.0
617,Ronnie Bell   NO,WR,1,—,—,—,—,—,—,—,—,—,—,BYE,—,—,—,—,—,0.0,0.0,0.0
617,Zach Davidson   NYG,TE,1,—,—,—,—,—,—,—,—,—,—,—,—,—,BYE,—,—,0.0,0.0,0.0
617,CJ Dippre   NE,TE,1,—,—,—,—,—,—,—,—,—,—,—,—,—,BYE,—,—,0.0,0.0,0.0
707,Kedon Slovis   ARI,QB,2,—,—,—,—,—,—,—,BYE,—,0.0,—,-0.1,—,—,—,—,—,0.0,-0.1
707,Jarrett Stidham   DEN,QB,1,—,—,—,—,—,—,—,-0.1,—,—,—,BYE,—,—,—,—,—,-0.1,-0.1
707,Adrian Martinez   SF,QB,1,—,—,—,—,—,—,—,—,-0.1,—,—,—,—,BYE,—,—,—,-0.1,-0.1
710,Derius Davis   LAC,WR,10,0.3,0.0,-1.8,—,—,—,0.0,0.0,0.0,1.3,0.0,BYE,0.0,0.0,—,—,—,0.0,-0.2
710,Nyheim Miller-Hines   NO,RB,3,—,—,—,—,—,0.0,0.0,-0.2,—,—,BYE,—,—,—,—,—,—,-0.1,-0.2
710,Travis Homer   CHI,RB,7,—,—,—,—,BYE,—,0.0,0.0,0.0,—,-0.2,—,0.0,0.0,—,—,0.0,0.0,-0.2
713,Kyle Allen   DET,QB,4,—,0.0,—,-0.2,—,—,—,BYE,—,-0.1,—,—,—,—,—,—,0.0,-0.1,-0.3
714,Ke'Shawn Williams   CIN,WR,10,—,—,—,—,—,0.0,0.0,0.0,0.0,-2.0,0.0,0.0,0.0,—,—,0.1,1.5,0.0,-0.4
715,Nick Mullens   JAC,QB,4,—,—,—,—,—,—,—,BYE,—,—,0.0,—,-0.3,0.0,-0.2,—,—,-0.1,-0.5
716,Clayton Tune   GB,QB,1,—,—,—,—,BYE,—,—,—,—,—,—,—,—,—,—,—,-0.7,-0.7,-0.7
716,Jimmy Garoppolo   LAR,QB,4,—,0.0,—,0.0,—,—,-0.3,BYE,—,—,—,—,—,-0.4,—,—,—,-0.2,-0.7
718,Xavier Gipson   NYG,WR,6,-2.0,—,—,—,—,—,0.0,1.3,—,0.0,0.0,-0.7,—,BYE,—,—,—,-0.2,-1.4
719,Jalen Milroe   SEA,QB,4,0.1,—,0.3,—,-2.0,—,—,BYE,—,—,—,0.0,—,—,—,—,—,-0.4,-1.6
720,Jamal Agnew   ATL,WR,11,0.0,—,—,0.0,BYE,0.0,0.0,0.0,0.0,0.0,0.0,0.0,-2.0,0.0,—,—,—,-0.2,-2.0
720,LaJohntay Wester   BAL,WR,15,0.0,0.0,0.0,0.0,0.0,0.0,BYE,—,0.0,0.0,-2.0,0.0,0.0,0.0,0.0,0.0,0.0,-0.1,-2.0
720,Mecole Hardman Jr.   BUF,WR,2,—,—,—,—,—,—,BYE,—,—,—,-2.0,—,—,—,—,0.0,—,-1.0,-2.0
723,Myles Price   MIN,WR,16,0.0,-2.0,0.0,0.0,0.0,BYE,0.0,0.0,0.0,-2.0,0.0,-2.0,0.0,0.0,0.0,0.0,0.0,-0.4,-6.0